   0.00000;   0.00000;   0.00000; 600.00000;   0.00000;1000.00000
   1.50150;  21.92350;   0.00000; 598.70593;   0.00000; 979.37057
   3.00300;  30.34791;   0.00000; 597.41036;   0.00000; 972.24174
   4.50450;  36.49131;   0.00000; 596.11425;   0.00000; 967.39444
   6.00601;  41.46138;   0.00000; 594.81795;   0.00000; 963.72067
   7.50751;  45.68619;   0.00000; 593.52164;   0.00000; 960.79217
   9.00901;  49.38478;   0.00000; 592.22546;   0.00000; 958.38975
  10.51051;  52.68700;   0.00000; 590.92952;   0.00000; 956.38349
  12.01201;  55.67725;   0.00000; 589.63388;   0.00000; 954.68888
  13.51351;  58.41404;   0.00000; 588.33860;   0.00000; 953.24735
  15.01502;  60.93989;   0.00000; 587.04374;   0.00000; 952.01636
  16.51652;  63.28682;   0.00000; 585.74935;   0.00000; 950.96383
  18.01802;  65.47964;   0.00000; 584.45545;   0.00000; 950.06491
  19.51952;  67.53807;   0.00000; 583.16209;   0.00000; 949.29984
  21.02102;  69.47804;   0.00000; 581.86928;   0.00000; 948.65267
  22.52252;  71.31267;   0.00000; 580.57707;   0.00000; 948.11026
  24.02402;  73.05288;   0.00000; 579.28547;   0.00000; 947.66164
  25.52553;  74.70791;   0.00000; 577.99451;   0.00000; 947.29758
  27.02703;  76.28563;   0.00000; 576.70421;   0.00000; 947.01016
  28.52853;  77.79283;   0.00000; 575.41458;   0.00000; 946.79259
  30.03003;  79.23538;   0.00000; 574.12565;   0.00000; 946.63898
  31.53153;  80.61843;   0.00000; 572.83743;   0.00000; 946.54414
  33.03303;  81.94652;   0.00000; 571.54993;   0.00000; 946.50355
  34.53453;  83.22366;   0.00000; 570.26319;   0.00000; 946.51315
  36.03604;  84.45343;   0.00000; 568.97720;   0.00000; 946.56938
  37.53754;  85.63902;   0.00000; 567.69198;   0.00000; 946.66900
  39.03904;  86.78332;   0.00000; 566.40754;   0.00000; 946.80914
  40.54054;  87.88891;   0.00000; 565.12391;   0.00000; 946.98718
  42.04204;  88.95816;   0.00000; 563.84108;   0.00000; 947.20076
  43.54354;  89.99320;   0.00000; 562.55908;   0.00000; 947.44772
  45.04505;  90.99598;   0.00000; 561.27791;   0.00000; 947.72610
  46.54655;  91.96830;   0.00000; 559.99759;   0.00000; 948.03410
  48.04805;  92.91180;   0.00000; 558.71813;   0.00000; 948.37007
  49.54955;  93.82799;   0.00000; 557.43953;   0.00000; 948.73248
  51.05105;  94.71826;   0.00000; 556.16180;   0.00000; 949.11994
  52.55255;  95.58390;   0.00000; 554.88497;   0.00000; 949.53113
  54.05405;  96.42611;   0.00000; 553.60903;   0.00000; 949.96486
  55.55556;  97.24600;   0.00000; 552.33400;   0.00000; 950.42000
  57.05706;  98.04460;   0.00000; 551.05989;   0.00000; 950.89551
  58.55856;  98.82288;   0.00000; 549.78671;   0.00000; 951.39042
  60.06006;  99.58174;   0.00000; 548.51445;   0.00000; 951.90381
  61.56156; 100.32201;   0.00000; 547.24315;   0.00000; 952.43484
  63.06306; 101.04450;   0.00000; 545.97280;   0.00000; 952.98270
  64.56456; 101.74995;   0.00000; 544.70341;   0.00000; 953.54665
  66.06607; 102.43904;   0.00000; 543.43499;   0.00000; 954.12598
  67.56757; 103.11244;   0.00000; 542.16755;   0.00000; 954.72002
  69.06907; 103.77076;   0.00000; 540.90110;   0.00000; 955.32814
  70.57057; 104.41459;   0.00000; 539.63564;   0.00000; 955.94977
  72.07207; 105.04448;   0.00000; 538.37120;   0.00000; 956.58432
  73.57357; 105.66095;   0.00000; 537.10776;   0.00000; 957.23128
  75.07508; 106.26450;   0.00000; 535.84535;   0.00000; 957.89015
  76.57658; 106.85560;   0.00000; 534.58397;   0.00000; 958.56044
  78.07808; 107.43468;   0.00000; 533.32362;   0.00000; 959.24170
  79.57958; 108.00217;   0.00000; 532.06433;   0.00000; 959.93351
  81.08108; 108.55847;   0.00000; 530.80608;   0.00000; 960.63545
  82.58258; 109.10397;   0.00000; 529.54890;   0.00000; 961.34713
  84.08408; 109.63902;   0.00000; 528.29279;   0.00000; 962.06819
  85.58559; 110.16398;   0.00000; 527.03776;   0.00000; 962.79826
  87.08709; 110.67917;   0.00000; 525.78381;   0.00000; 963.53702
  88.58859; 111.18491;   0.00000; 524.53096;   0.00000; 964.28413
  90.09009; 111.68150;   0.00000; 523.27921;   0.00000; 965.03928
  91.59159; 112.16923;   0.00000; 522.02857;   0.00000; 965.80219
  93.09309; 112.64838;   0.00000; 520.77905;   0.00000; 966.57257
  94.59459; 113.11920;   0.00000; 519.53065;   0.00000; 967.35015
  96.09610; 113.58196;   0.00000; 518.28339;   0.00000; 968.13466
  97.59760; 114.03689;   0.00000; 517.03726;   0.00000; 968.92585
  99.09910; 114.48422;   0.00000; 515.79229;   0.00000; 969.72349
 100.60060; 114.92419;   0.00000; 514.54847;   0.00000; 970.52735
 102.10210; 115.35699;   0.00000; 513.30581;   0.00000; 971.33720
 103.60360; 115.78284;   0.00000; 512.06433;   0.00000; 972.15283
 105.10511; 116.20194;   0.00000; 510.82402;   0.00000; 972.97404
 106.60661; 116.61448;   0.00000; 509.58490;   0.00000; 973.80062
 108.10811; 117.02063;   0.00000; 508.34698;   0.00000; 974.63239
 109.60961; 117.42058;   0.00000; 507.11026;   0.00000; 975.46917
 111.11111; 117.81449;   0.00000; 505.87474;   0.00000; 976.31077
 112.61261; 118.20252;   0.00000; 504.64045;   0.00000; 977.15703
 114.11411; 118.58484;   0.00000; 503.40738;   0.00000; 978.00778
 115.61562; 118.96160;   0.00000; 502.17554;   0.00000; 978.86286
 117.11712; 119.33294;   0.00000; 500.94495;   0.00000; 979.72212
 118.61862; 119.69900;   0.00000; 499.71560;   0.00000; 980.58541
 120.12012; 120.05992;   0.00000; 498.48751;   0.00000; 981.45258
 121.62162; 120.41583;   0.00000; 497.26068;   0.00000; 982.32350
 123.12312; 120.76685;   0.00000; 496.03512;   0.00000; 983.19803
 124.62462; 121.11312;   0.00000; 494.81084;   0.00000; 984.07604
 126.12613; 121.45475;   0.00000; 493.58785;   0.00000; 984.95740
 127.62763; 121.79185;   0.00000; 492.36615;   0.00000; 985.84199
 129.12913; 122.12454;   0.00000; 491.14576;   0.00000; 986.72970
 130.63063; 122.45292;   0.00000; 489.92667;   0.00000; 987.62041
 132.13213; 122.77709;   0.00000; 488.70891;   0.00000; 988.51400
 133.63363; 123.09717;   0.00000; 487.49246;   0.00000; 989.41037
 135.13514; 123.41324;   0.00000; 486.27736;   0.00000; 990.30941
 136.63664; 123.72539;   0.00000; 485.06359;   0.00000; 991.21102
 138.13814; 124.03373;   0.00000; 483.85117;   0.00000; 992.11509
 139.63964; 124.33834;   0.00000; 482.64011;   0.00000; 993.02155
 141.14114; 124.63931;   0.00000; 481.43041;   0.00000; 993.93028
 142.64264; 124.93671;   0.00000; 480.22209;   0.00000; 994.84120
 144.14414; 125.23064;   0.00000; 479.01515;   0.00000; 995.75422
 145.64565; 125.52116;   0.00000; 477.80959;   0.00000; 996.66925
 147.14715; 125.80836;   0.00000; 476.60543;   0.00000; 997.58620
 148.64865; 126.09231;   0.00000; 475.40268;   0.00000; 998.50501
 150.15015; 126.37308;   0.00000; 474.20134;   0.00000; 999.42558
 151.65165; 126.65074;   0.00000; 473.00142;   0.00000;1000.34784
 153.15315; 126.92536;   0.00000; 471.80292;   0.00000;1001.27171
 154.65465; 127.19701;   0.00000; 470.60587;   0.00000;1002.19713
 156.15616; 127.46574;   0.00000; 469.41026;   0.00000;1003.12400
 157.65766; 127.73163;   0.00000; 468.21610;   0.00000;1004.05228
 159.15916; 127.99472;   0.00000; 467.02340;   0.00000;1004.98188
 160.66066; 128.25509;   0.00000; 465.83217;   0.00000;1005.91274
 162.16216; 128.51279;   0.00000; 464.64242;   0.00000;1006.84480
 163.66366; 128.76787;   0.00000; 463.45415;   0.00000;1007.77798
 165.16517; 129.02038;   0.00000; 462.26737;   0.00000;1008.71224
 166.66667; 129.27039;   0.00000; 461.08210;   0.00000;1009.64751
 168.16817; 129.51794;   0.00000; 459.89834;   0.00000;1010.58372
 169.66967; 129.76308;   0.00000; 458.71609;   0.00000;1011.52082
 171.17117; 130.00587;   0.00000; 457.53538;   0.00000;1012.45876
 172.67267; 130.24634;   0.00000; 456.35619;   0.00000;1013.39747
 174.17417; 130.48454;   0.00000; 455.17855;   0.00000;1014.33691
 175.67568; 130.72052;   0.00000; 454.00246;   0.00000;1015.27701
 177.17718; 130.95433;   0.00000; 452.82794;   0.00000;1016.21773
 178.67868; 131.18600;   0.00000; 451.65498;   0.00000;1017.15902
 180.18018; 131.41558;   0.00000; 450.48359;   0.00000;1018.10083
 181.68168; 131.64311;   0.00000; 449.31379;   0.00000;1019.04310
 183.18318; 131.86862;   0.00000; 448.14559;   0.00000;1019.98579
 184.68468; 132.09216;   0.00000; 446.97899;   0.00000;1020.92885
 186.18619; 132.31376;   0.00000; 445.81400;   0.00000;1021.87224
 187.68769; 132.53346;   0.00000; 444.65062;   0.00000;1022.81592
 189.18919; 132.75130;   0.00000; 443.48888;   0.00000;1023.75982
 190.69069; 132.96730;   0.00000; 442.32877;   0.00000;1024.70392
 192.19219; 133.18152;   0.00000; 441.17031;   0.00000;1025.64817
 193.69369; 133.39396;   0.00000; 440.01350;   0.00000;1026.59253
 195.19520; 133.60468;   0.00000; 438.85836;   0.00000;1027.53696
 196.69670; 133.81370;   0.00000; 437.70489;   0.00000;1028.48141
 198.19820; 134.02105;   0.00000; 436.55309;   0.00000;1029.42586
 199.69970; 134.22676;   0.00000; 435.40299;   0.00000;1030.37025
 201.20120; 134.43087;   0.00000; 434.25458;   0.00000;1031.31455
 202.70270; 134.63339;   0.00000; 433.10788;   0.00000;1032.25872
 204.20420; 134.83436;   0.00000; 431.96290;   0.00000;1033.20273
 205.70571; 135.03381;   0.00000; 430.81964;   0.00000;1034.14655
 207.20721; 135.23176;   0.00000; 429.67812;   0.00000;1035.09012
 208.70871; 135.42824;   0.00000; 428.53833;   0.00000;1036.03343
 210.21021; 135.62327;   0.00000; 427.40030;   0.00000;1036.97643
 211.71171; 135.81688;   0.00000; 426.26403;   0.00000;1037.91909
 213.21321; 136.00909;   0.00000; 425.12953;   0.00000;1038.86138
 214.71471; 136.19993;   0.00000; 423.99681;   0.00000;1039.80327
 216.21622; 136.38941;   0.00000; 422.86587;   0.00000;1040.74471
 217.71772; 136.57757;   0.00000; 421.73674;   0.00000;1041.68569
 219.21922; 136.76443;   0.00000; 420.60940;   0.00000;1042.62617
 220.72072; 136.94999;   0.00000; 419.48389;   0.00000;1043.56612
 222.22222; 137.13430;   0.00000; 418.36019;   0.00000;1044.50551
 223.72372; 137.31736;   0.00000; 417.23833;   0.00000;1045.44430
 225.22523; 137.49920;   0.00000; 416.11832;   0.00000;1046.38248
 226.72673; 137.67984;   0.00000; 415.00015;   0.00000;1047.32000
 228.22823; 137.85930;   0.00000; 413.88385;   0.00000;1048.25685
 229.72973; 138.03759;   0.00000; 412.76942;   0.00000;1049.19299
 231.23123; 138.21473;   0.00000; 411.65687;   0.00000;1050.12840
 232.73273; 138.39075;   0.00000; 410.54621;   0.00000;1051.06305
 234.23423; 138.56565;   0.00000; 409.43744;   0.00000;1051.99691
 235.73574; 138.73946;   0.00000; 408.33059;   0.00000;1052.92995
 237.23724; 138.91220;   0.00000; 407.22565;   0.00000;1053.86215
 238.73874; 139.08388;   0.00000; 406.12264;   0.00000;1054.79348
 240.24024; 139.25451;   0.00000; 405.02157;   0.00000;1055.72392
 241.74174; 139.42411;   0.00000; 403.92244;   0.00000;1056.65344
 243.24324; 139.59271;   0.00000; 402.82527;   0.00000;1057.58202
 244.74474; 139.76030;   0.00000; 401.73007;   0.00000;1058.50963
 246.24625; 139.92691;   0.00000; 400.63683;   0.00000;1059.43625
 247.74775; 140.09256;   0.00000; 399.54559;   0.00000;1060.36185
 249.24925; 140.25725;   0.00000; 398.45634;   0.00000;1061.28641
 250.75075; 140.42100;   0.00000; 397.36909;   0.00000;1062.20991
 252.25225; 140.58382;   0.00000; 396.28386;   0.00000;1063.13232
 253.75375; 140.74573;   0.00000; 395.20065;   0.00000;1064.05362
 255.25526; 140.90674;   0.00000; 394.11947;   0.00000;1064.97379
 256.75676; 141.06686;   0.00000; 393.04034;   0.00000;1065.89280
 258.25826; 141.22610;   0.00000; 391.96326;   0.00000;1066.81064
 259.75976; 141.38449;   0.00000; 390.88824;   0.00000;1067.72728
 261.26126; 141.54202;   0.00000; 389.81529;   0.00000;1068.64269
 262.76276; 141.69871;   0.00000; 388.74443;   0.00000;1069.55686
 264.26426; 141.85457;   0.00000; 387.67566;   0.00000;1070.46977
 265.76577; 142.00961;   0.00000; 386.60899;   0.00000;1071.38140
 267.26727; 142.16385;   0.00000; 385.54443;   0.00000;1072.29172
 268.76877; 142.31730;   0.00000; 384.48199;   0.00000;1073.20071
 270.27027; 142.46995;   0.00000; 383.42169;   0.00000;1074.10836
 271.77177; 142.62184;   0.00000; 382.36352;   0.00000;1075.01464
 273.27327; 142.77295;   0.00000; 381.30751;   0.00000;1075.91953
 274.77477; 142.92331;   0.00000; 380.25366;   0.00000;1076.82302
 276.27628; 143.07293;   0.00000; 379.20199;   0.00000;1077.72508
 277.77778; 143.22181;   0.00000; 378.15249;   0.00000;1078.62570
 279.27928; 143.36996;   0.00000; 377.10519;   0.00000;1079.52485
 280.78078; 143.51740;   0.00000; 376.06008;   0.00000;1080.42252
 282.28228; 143.66412;   0.00000; 375.01719;   0.00000;1081.31869
 283.78378; 143.81015;   0.00000; 373.97652;   0.00000;1082.21333
 285.28529; 143.95548;   0.00000; 372.93808;   0.00000;1083.10644
 286.78679; 144.10013;   0.00000; 371.90189;   0.00000;1083.99798
 288.28829; 144.24410;   0.00000; 370.86795;   0.00000;1084.88795
 289.78979; 144.38740;   0.00000; 369.83627;   0.00000;1085.77633
 291.29129; 144.53005;   0.00000; 368.80686;   0.00000;1086.66310
 292.79279; 144.67204;   0.00000; 367.77973;   0.00000;1087.54823
 294.29429; 144.81338;   0.00000; 366.75490;   0.00000;1088.43172
 295.79580; 144.95409;   0.00000; 365.73237;   0.00000;1089.31354
 297.29730; 145.09417;   0.00000; 364.71215;   0.00000;1090.19368
 298.79880; 145.23362;   0.00000; 363.69426;   0.00000;1091.07212
 300.30030; 145.37246;   0.00000; 362.67870;   0.00000;1091.94884
 301.80180; 145.51069;   0.00000; 361.66548;   0.00000;1092.82383
 303.30330; 145.64831;   0.00000; 360.65462;   0.00000;1093.69707
 304.80480; 145.78533;   0.00000; 359.64612;   0.00000;1094.56855
 306.30631; 145.92177;   0.00000; 358.64000;   0.00000;1095.43824
 307.80781; 146.05761;   0.00000; 357.63626;   0.00000;1096.30613
 309.30931; 146.19288;   0.00000; 356.63491;   0.00000;1097.17221
 310.81081; 146.32758;   0.00000; 355.63597;   0.00000;1098.03645
 312.31231; 146.46171;   0.00000; 354.63944;   0.00000;1098.89885
 313.81381; 146.59528;   0.00000; 353.64534;   0.00000;1099.75938
 315.31532; 146.72829;   0.00000; 352.65368;   0.00000;1100.61803
 316.81682; 146.86075;   0.00000; 351.66446;   0.00000;1101.47479
 318.31832; 146.99266;   0.00000; 350.67770;   0.00000;1102.32964
 319.81982; 147.12404;   0.00000; 349.69340;   0.00000;1103.18256
 321.32132; 147.25488;   0.00000; 348.71158;   0.00000;1104.03354
 322.82282; 147.38519;   0.00000; 347.73225;   0.00000;1104.88256
 324.32432; 147.51497;   0.00000; 346.75541;   0.00000;1105.72961
 325.82583; 147.64424;   0.00000; 345.78109;   0.00000;1106.57468
 327.32733; 147.77298;   0.00000; 344.80927;   0.00000;1107.41774
 328.82883; 147.90122;   0.00000; 343.83999;   0.00000;1108.25879
 330.33033; 148.02895;   0.00000; 342.87324;   0.00000;1109.09781
 331.83183; 148.15618;   0.00000; 341.90904;   0.00000;1109.93478
 333.33333; 148.28291;   0.00000; 340.94740;   0.00000;1110.76969
 334.83483; 148.40914;   0.00000; 339.98833;   0.00000;1111.60253
 336.33634; 148.53489;   0.00000; 339.03183;   0.00000;1112.43328
 337.83784; 148.66014;   0.00000; 338.07792;   0.00000;1113.26193
 339.33934; 148.78492;   0.00000; 337.12661;   0.00000;1114.08846
 340.84084; 148.90922;   0.00000; 336.17791;   0.00000;1114.91287
 342.34234; 149.03304;   0.00000; 335.23183;   0.00000;1115.73512
 343.84384; 149.15640;   0.00000; 334.28838;   0.00000;1116.55522
 345.34535; 149.27928;   0.00000; 333.34756;   0.00000;1117.37315
 346.84685; 149.40171;   0.00000; 332.40940;   0.00000;1118.18890
 348.34835; 149.52367;   0.00000; 331.47389;   0.00000;1119.00244
 349.84985; 149.64517;   0.00000; 330.54105;   0.00000;1119.81378
 351.35135; 149.76622;   0.00000; 329.61089;   0.00000;1120.62289
 352.85285; 149.88683;   0.00000; 328.68341;   0.00000;1121.42976
 354.35435; 150.00698;   0.00000; 327.75864;   0.00000;1122.23438
 355.85586; 150.12669;   0.00000; 326.83657;   0.00000;1123.03674
 357.35736; 150.24596;   0.00000; 325.91722;   0.00000;1123.83682
 358.85886; 150.36479;   0.00000; 325.00060;   0.00000;1124.63461
 360.36036; 150.48319;   0.00000; 324.08672;   0.00000;1125.43009
 361.86186; 150.60115;   0.00000; 323.17558;   0.00000;1126.22327
 363.36336; 150.71869;   0.00000; 322.26720;   0.00000;1127.01411
 364.86486; 150.83579;   0.00000; 321.36159;   0.00000;1127.80262
 366.36637; 150.95248;   0.00000; 320.45875;   0.00000;1128.58877
 367.86787; 151.06874;   0.00000; 319.55870;   0.00000;1129.37256
 369.36937; 151.18458;   0.00000; 318.66144;   0.00000;1130.15398
 370.87087; 151.30000;   0.00000; 317.76699;   0.00000;1130.93301
 372.37237; 151.41501;   0.00000; 316.87535;   0.00000;1131.70963
 373.87387; 151.52961;   0.00000; 315.98654;   0.00000;1132.48385
 375.37538; 151.64380;   0.00000; 315.10056;   0.00000;1133.25564
 376.87688; 151.75758;   0.00000; 314.21742;   0.00000;1134.02499
 378.37838; 151.87096;   0.00000; 313.33714;   0.00000;1134.79190
 379.87988; 151.98394;   0.00000; 312.45971;   0.00000;1135.55635
 381.38138; 152.09651;   0.00000; 311.58516;   0.00000;1136.31833
 382.88288; 152.20868;   0.00000; 310.71348;   0.00000;1137.07784
 384.38438; 152.32046;   0.00000; 309.84470;   0.00000;1137.83485
 385.88589; 152.43184;   0.00000; 308.97881;   0.00000;1138.58935
 387.38739; 152.54283;   0.00000; 308.11582;   0.00000;1139.34135
 388.88889; 152.65343;   0.00000; 307.25576;   0.00000;1140.09082
 390.39039; 152.76364;   0.00000; 306.39861;   0.00000;1140.83775
 391.89189; 152.87346;   0.00000; 305.54440;   0.00000;1141.58214
 393.39339; 152.98289;   0.00000; 304.69314;   0.00000;1142.32397
 394.89489; 153.09195;   0.00000; 303.84482;   0.00000;1143.06323
 396.39640; 153.20061;   0.00000; 302.99946;   0.00000;1143.79992
 397.89790; 153.30890;   0.00000; 302.15707;   0.00000;1144.53402
 399.39940; 153.41681;   0.00000; 301.31766;   0.00000;1145.26553
 400.90090; 153.52434;   0.00000; 300.48123;   0.00000;1145.99442
 402.40240; 153.63150;   0.00000; 299.64780;   0.00000;1146.72070
 403.90390; 153.73828;   0.00000; 298.81736;   0.00000;1147.44436
 405.40541; 153.84469;   0.00000; 297.98994;   0.00000;1148.16537
 406.90691; 153.95072;   0.00000; 297.16553;   0.00000;1148.88374
 408.40841; 154.05639;   0.00000; 296.34415;   0.00000;1149.59946
 409.90991; 154.16168;   0.00000; 295.52581;   0.00000;1150.31251
 411.41141; 154.26661;   0.00000; 294.71051;   0.00000;1151.02288
 412.91291; 154.37117;   0.00000; 293.89825;   0.00000;1151.73057
 414.41441; 154.47537;   0.00000; 293.08906;   0.00000;1152.43557
 415.91592; 154.57920;   0.00000; 292.28293;   0.00000;1153.13787
 417.41742; 154.68267;   0.00000; 291.47987;   0.00000;1153.83746
 418.91892; 154.78578;   0.00000; 290.67989;   0.00000;1154.53433
 420.42042; 154.88853;   0.00000; 289.88300;   0.00000;1155.22847
 421.92192; 154.99092;   0.00000; 289.08921;   0.00000;1155.91987
 423.42342; 155.09294;   0.00000; 288.29852;   0.00000;1156.60854
 424.92492; 155.19462;   0.00000; 287.51094;   0.00000;1157.29445
 426.42643; 155.29593;   0.00000; 286.72647;   0.00000;1157.97760
 427.92793; 155.39689;   0.00000; 285.94513;   0.00000;1158.65798
 429.42943; 155.49750;   0.00000; 285.16692;   0.00000;1159.33558
 430.93093; 155.59775;   0.00000; 284.39185;   0.00000;1160.01040
 432.43243; 155.69765;   0.00000; 283.61992;   0.00000;1160.68243
 433.93393; 155.79719;   0.00000; 282.85115;   0.00000;1161.35166
 435.43544; 155.89639;   0.00000; 282.08553;   0.00000;1162.01808
 436.93694; 155.99524;   0.00000; 281.32307;   0.00000;1162.68169
 438.43844; 156.09373;   0.00000; 280.56378;   0.00000;1163.34248
 439.93994; 156.19188;   0.00000; 279.80767;   0.00000;1164.00044
 441.44144; 156.28968;   0.00000; 279.05475;   0.00000;1164.65557
 442.94294; 156.38714;   0.00000; 278.30501;   0.00000;1165.30785
 444.44444; 156.48425;   0.00000; 277.55846;   0.00000;1165.95729
 445.94595; 156.58101;   0.00000; 276.81511;   0.00000;1166.60387
 447.44745; 156.67743;   0.00000; 276.07497;   0.00000;1167.24760
 448.94895; 156.77350;   0.00000; 275.33805;   0.00000;1167.88845
 450.45045; 156.86923;   0.00000; 274.60433;   0.00000;1168.52643
 451.95195; 156.96462;   0.00000; 273.87384;   0.00000;1169.16154
 453.45345; 157.05967;   0.00000; 273.14658;   0.00000;1169.79376
 454.95495; 157.15437;   0.00000; 272.42254;   0.00000;1170.42308
 456.45646; 157.24874;   0.00000; 271.70175;   0.00000;1171.04952
 457.95796; 157.34276;   0.00000; 270.98420;   0.00000;1171.67305
 459.45946; 157.43644;   0.00000; 270.26989;   0.00000;1172.29367
 460.96096; 157.52979;   0.00000; 269.55883;   0.00000;1172.91138
 462.46246; 157.62279;   0.00000; 268.85103;   0.00000;1173.52618
 463.96396; 157.71546;   0.00000; 268.14649;   0.00000;1174.13805
 465.46547; 157.80779;   0.00000; 267.44521;   0.00000;1174.74700
 466.96697; 157.89978;   0.00000; 266.74720;   0.00000;1175.35302
 468.46847; 157.99144;   0.00000; 266.05246;   0.00000;1175.95610
 469.96997; 158.08276;   0.00000; 265.36099;   0.00000;1176.55625
 471.47147; 158.17375;   0.00000; 264.67281;   0.00000;1177.15345
 472.97297; 158.26440;   0.00000; 263.98791;   0.00000;1177.74770
 474.47447; 158.35471;   0.00000; 263.30629;   0.00000;1178.33900
 475.97598; 158.44469;   0.00000; 262.62796;   0.00000;1178.92735
 477.47748; 158.53434;   0.00000; 261.95293;   0.00000;1179.51274
 478.97898; 158.62365;   0.00000; 261.28118;   0.00000;1180.09517
 480.48048; 158.71263;   0.00000; 260.61274;   0.00000;1180.67463
 481.98198; 158.80128;   0.00000; 259.94760;   0.00000;1181.25112
 483.48348; 158.88959;   0.00000; 259.28576;   0.00000;1181.82465
 484.98498; 158.97757;   0.00000; 258.62723;   0.00000;1182.39520
 486.48649; 159.06523;   0.00000; 257.97200;   0.00000;1182.96277
 487.98799; 159.15255;   0.00000; 257.32008;   0.00000;1183.52737
 489.48949; 159.23953;   0.00000; 256.67148;   0.00000;1184.08899
 490.99099; 159.32619;   0.00000; 256.02619;   0.00000;1184.64762
 492.49249; 159.41252;   0.00000; 255.38421;   0.00000;1185.20327
 493.99399; 159.49852;   0.00000; 254.74555;   0.00000;1185.75593
 495.49550; 159.58419;   0.00000; 254.11020;   0.00000;1186.30561
 496.99700; 159.66952;   0.00000; 253.47818;   0.00000;1186.85229
 498.49850; 159.75453;   0.00000; 252.84948;   0.00000;1187.39599
 500.00000; 159.83922;   0.00000; 252.22409;   0.00000;1187.93669
 501.50150; 159.92357;   0.00000; 251.60203;   0.00000;1188.47440
 503.00300; 160.00759;   0.00000; 250.98329;   0.00000;1189.00912
 504.50450; 160.09129;   0.00000; 250.36787;   0.00000;1189.54084
 506.00601; 160.17466;   0.00000; 249.75577;   0.00000;1190.06957
 507.50751; 160.25770;   0.00000; 249.14700;   0.00000;1190.59530
 509.00901; 160.34041;   0.00000; 248.54155;   0.00000;1191.11804
 510.51051; 160.42280;   0.00000; 247.93942;   0.00000;1191.63778
 512.01201; 160.50486;   0.00000; 247.34061;   0.00000;1192.15452
 513.51351; 160.58660;   0.00000; 246.74513;   0.00000;1192.66827
 515.01502; 160.66801;   0.00000; 246.15296;   0.00000;1193.17903
 516.51652; 160.74909;   0.00000; 245.56412;   0.00000;1193.68679
 518.01802; 160.82985;   0.00000; 244.97859;   0.00000;1194.19156
 519.51952; 160.91028;   0.00000; 244.39638;   0.00000;1194.69334
 521.02102; 160.99039;   0.00000; 243.81748;   0.00000;1195.19213
 522.52252; 161.07017;   0.00000; 243.24190;   0.00000;1195.68793
 524.02402; 161.14963;   0.00000; 242.66963;   0.00000;1196.18074
 525.52553; 161.22876;   0.00000; 242.10068;   0.00000;1196.67056
 527.02703; 161.30757;   0.00000; 241.53503;   0.00000;1197.15740
 528.52853; 161.38606;   0.00000; 240.97268;   0.00000;1197.64126
 530.03003; 161.46422;   0.00000; 240.41364;   0.00000;1198.12214
 531.53153; 161.54206;   0.00000; 239.85791;   0.00000;1198.60004
 533.03303; 161.61957;   0.00000; 239.30547;   0.00000;1199.07496
 534.53453; 161.69677;   0.00000; 238.75632;   0.00000;1199.54691
 536.03604; 161.77364;   0.00000; 238.21047;   0.00000;1200.01589
 537.53754; 161.85018;   0.00000; 237.66791;   0.00000;1200.48190
 539.03904; 161.92641;   0.00000; 237.12864;   0.00000;1200.94495
 540.54054; 162.00231;   0.00000; 236.59265;   0.00000;1201.40504
 542.04204; 162.07789;   0.00000; 236.05993;   0.00000;1201.86217
 543.54354; 162.15316;   0.00000; 235.53049;   0.00000;1202.31635
 545.04505; 162.22809;   0.00000; 235.00432;   0.00000;1202.76758
 546.54655; 162.30271;   0.00000; 234.48142;   0.00000;1203.21586
 548.04805; 162.37701;   0.00000; 233.96178;   0.00000;1203.66120
 549.54955; 162.45099;   0.00000; 233.44540;   0.00000;1204.10361
 551.05105; 162.52464;   0.00000; 232.93228;   0.00000;1204.54308
 552.55255; 162.59798;   0.00000; 232.42240;   0.00000;1204.97962
 554.05405; 162.67100;   0.00000; 231.91576;   0.00000;1205.41324
 555.55556; 162.74370;   0.00000; 231.41236;   0.00000;1205.84394
 557.05706; 162.81608;   0.00000; 230.91220;   0.00000;1206.27173
 558.55856; 162.88814;   0.00000; 230.41526;   0.00000;1206.69661
 560.06006; 162.95988;   0.00000; 229.92154;   0.00000;1207.11858
 561.56156; 163.03130;   0.00000; 229.43104;   0.00000;1207.53766
 563.06306; 163.10240;   0.00000; 228.94375;   0.00000;1207.95385
 564.56456; 163.17319;   0.00000; 228.45966;   0.00000;1208.36715
 566.06607; 163.24366;   0.00000; 227.97877;   0.00000;1208.77757
 567.56757; 163.31381;   0.00000; 227.50106;   0.00000;1209.18512
 569.06907; 163.38365;   0.00000; 227.02655;   0.00000;1209.58980
 570.57057; 163.45317;   0.00000; 226.55521;   0.00000;1209.99162
 572.07207; 163.52237;   0.00000; 226.08704;   0.00000;1210.39059
 573.57357; 163.59126;   0.00000; 225.62203;   0.00000;1210.78671
 575.07508; 163.65983;   0.00000; 225.16018;   0.00000;1211.17999
 576.57658; 163.72808;   0.00000; 224.70148;   0.00000;1211.57044
 578.07808; 163.79602;   0.00000; 224.24592;   0.00000;1211.95806
 579.57958; 163.86365;   0.00000; 223.79350;   0.00000;1212.34286
 581.08108; 163.93096;   0.00000; 223.34420;   0.00000;1212.72485
 582.58258; 163.99795;   0.00000; 222.89801;   0.00000;1213.10404
 584.08408; 164.06464;   0.00000; 222.45494;   0.00000;1213.48043
 585.58559; 164.13100;   0.00000; 222.01496;   0.00000;1213.85403
 587.08709; 164.19706;   0.00000; 221.57808;   0.00000;1214.22485
 588.58859; 164.26280;   0.00000; 221.14429;   0.00000;1214.59291
 590.09009; 164.32823;   0.00000; 220.71357;   0.00000;1214.95820
 591.59159; 164.39335;   0.00000; 220.28591;   0.00000;1215.32073
 593.09309; 164.45816;   0.00000; 219.86132;   0.00000;1215.68052
 594.59459; 164.52266;   0.00000; 219.43977;   0.00000;1216.03758
 596.09610; 164.58684;   0.00000; 219.02126;   0.00000;1216.39190
 597.59760; 164.65072;   0.00000; 218.60578;   0.00000;1216.74350
 599.09910; 164.71428;   0.00000; 218.19332;   0.00000;1217.09240
 600.60060; 164.77753;   0.00000; 217.78387;   0.00000;1217.43859
 602.10210; 164.84048;   0.00000; 217.37742;   0.00000;1217.78210
 603.60360; 164.90312;   0.00000; 216.97397;   0.00000;1218.12292
 605.10511; 164.96544;   0.00000; 216.57349;   0.00000;1218.46107
 606.60661; 165.02746;   0.00000; 216.17598;   0.00000;1218.79655
 608.10811; 165.08918;   0.00000; 215.78144;   0.00000;1219.12938
 609.60961; 165.15058;   0.00000; 215.38984;   0.00000;1219.45958
 611.11111; 165.21168;   0.00000; 215.00119;   0.00000;1219.78713
 612.61261; 165.27247;   0.00000; 214.61546;   0.00000;1220.11207
 614.11411; 165.33296;   0.00000; 214.23265;   0.00000;1220.43439
 615.61562; 165.39314;   0.00000; 213.85275;   0.00000;1220.75412
 617.11712; 165.45301;   0.00000; 213.47574;   0.00000;1221.07125
 618.61862; 165.51258;   0.00000; 213.10162;   0.00000;1221.38580
 620.12012; 165.57185;   0.00000; 212.73037;   0.00000;1221.69778
 621.62162; 165.63081;   0.00000; 212.36198;   0.00000;1222.00720
 623.12312; 165.68948;   0.00000; 211.99645;   0.00000;1222.31408
 624.62462; 165.74783;   0.00000; 211.63375;   0.00000;1222.61841
 626.12613; 165.80589;   0.00000; 211.27388;   0.00000;1222.92023
 627.62763; 165.86365;   0.00000; 210.91683;   0.00000;1223.21952
 629.12913; 165.92110;   0.00000; 210.56258;   0.00000;1223.51632
 630.63063; 165.97825;   0.00000; 210.21113;   0.00000;1223.81062
 632.13213; 166.03511;   0.00000; 209.86245;   0.00000;1224.10244
 633.63363; 166.09166;   0.00000; 209.51654;   0.00000;1224.39180
 635.13514; 166.14792;   0.00000; 209.17339;   0.00000;1224.67869
 636.63664; 166.20388;   0.00000; 208.83298;   0.00000;1224.96315
 638.13814; 166.25954;   0.00000; 208.49530;   0.00000;1225.24517
 639.63964; 166.31490;   0.00000; 208.16034;   0.00000;1225.52476
 641.14114; 166.36997;   0.00000; 207.82808;   0.00000;1225.80195
 642.64264; 166.42474;   0.00000; 207.49852;   0.00000;1226.07674
 644.14414; 166.47921;   0.00000; 207.17164;   0.00000;1226.34915
 645.64565; 166.53339;   0.00000; 206.84743;   0.00000;1226.61918
 647.14715; 166.58728;   0.00000; 206.52587;   0.00000;1226.88685
 648.64865; 166.64088;   0.00000; 206.20695;   0.00000;1227.15217
 650.15015; 166.69418;   0.00000; 205.89066;   0.00000;1227.41516
 651.65165; 166.74719;   0.00000; 205.57699;   0.00000;1227.67582
 653.15315; 166.79990;   0.00000; 205.26592;   0.00000;1227.93418
 654.65465; 166.85233;   0.00000; 204.95744;   0.00000;1228.19023
 656.15616; 166.90447;   0.00000; 204.65153;   0.00000;1228.44400
 657.65766; 166.95631;   0.00000; 204.34819;   0.00000;1228.69550
 659.15916; 167.00787;   0.00000; 204.04740;   0.00000;1228.94473
 660.66066; 167.05914;   0.00000; 203.74914;   0.00000;1229.19172
 662.16216; 167.11012;   0.00000; 203.45341;   0.00000;1229.43647
 663.66366; 167.16082;   0.00000; 203.16018;   0.00000;1229.67900
 665.16517; 167.21123;   0.00000; 202.86945;   0.00000;1229.91932
 666.66667; 167.26135;   0.00000; 202.58120;   0.00000;1230.15745
 668.16817; 167.31119;   0.00000; 202.29542;   0.00000;1230.39339
 669.66967; 167.36075;   0.00000; 202.01209;   0.00000;1230.62717
 671.17117; 167.41002;   0.00000; 201.73120;   0.00000;1230.85878
 672.67267; 167.45901;   0.00000; 201.45274;   0.00000;1231.08826
 674.17417; 167.50771;   0.00000; 201.17669;   0.00000;1231.31560
 675.67568; 167.55614;   0.00000; 200.90303;   0.00000;1231.54082
 677.17718; 167.60429;   0.00000; 200.63177;   0.00000;1231.76395
 678.67868; 167.65215;   0.00000; 200.36287;   0.00000;1231.98498
 680.18018; 167.69974;   0.00000; 200.09633;   0.00000;1232.20393
 681.68168; 167.74705;   0.00000; 199.83213;   0.00000;1232.42082
 683.18318; 167.79408;   0.00000; 199.57026;   0.00000;1232.63565
 684.68468; 167.84084;   0.00000; 199.31071;   0.00000;1232.84845
 686.18619; 167.88732;   0.00000; 199.05345;   0.00000;1233.05923
 687.68769; 167.93353;   0.00000; 198.79848;   0.00000;1233.26799
 689.18919; 167.97946;   0.00000; 198.54578;   0.00000;1233.47476
 690.69069; 168.02512;   0.00000; 198.29534;   0.00000;1233.67954
 692.19219; 168.07050;   0.00000; 198.04715;   0.00000;1233.88235
 693.69369; 168.11562;   0.00000; 197.80118;   0.00000;1234.08320
 695.19520; 168.16046;   0.00000; 197.55743;   0.00000;1234.28211
 696.69670; 168.20503;   0.00000; 197.31587;   0.00000;1234.47909
 698.19820; 168.24934;   0.00000; 197.07651;   0.00000;1234.67415
 699.69970; 168.29337;   0.00000; 196.83932;   0.00000;1234.86731
 701.20120; 168.33714;   0.00000; 196.60428;   0.00000;1235.05858
 702.70270; 168.38064;   0.00000; 196.37139;   0.00000;1235.24797
 704.20420; 168.42388;   0.00000; 196.14063;   0.00000;1235.43549
 705.70571; 168.46685;   0.00000; 195.91198;   0.00000;1235.62117
 707.20721; 168.50956;   0.00000; 195.68544;   0.00000;1235.80500
 708.70871; 168.55200;   0.00000; 195.46098;   0.00000;1235.98702
 710.21021; 168.59419;   0.00000; 195.23859;   0.00000;1236.16722
 711.71171; 168.63611;   0.00000; 195.01826;   0.00000;1236.34563
 713.21321; 168.67777;   0.00000; 194.79998;   0.00000;1236.52225
 714.71471; 168.71917;   0.00000; 194.58373;   0.00000;1236.69711
 716.21622; 168.76031;   0.00000; 194.36949;   0.00000;1236.87020
 717.71772; 168.80119;   0.00000; 194.15726;   0.00000;1237.04155
 719.21922; 168.84182;   0.00000; 193.94701;   0.00000;1237.21117
 720.72072; 168.88219;   0.00000; 193.73873;   0.00000;1237.37908
 722.22222; 168.92231;   0.00000; 193.53242;   0.00000;1237.54528
 723.72372; 168.96217;   0.00000; 193.32805;   0.00000;1237.70979
 725.22523; 169.00178;   0.00000; 193.12561;   0.00000;1237.87262
 726.72673; 169.04113;   0.00000; 192.92509;   0.00000;1238.03378
 728.22823; 169.08024;   0.00000; 192.72647;   0.00000;1238.19330
 729.72973; 169.11909;   0.00000; 192.52974;   0.00000;1238.35117
 731.23123; 169.15770;   0.00000; 192.33488;   0.00000;1238.50742
 732.73273; 169.19605;   0.00000; 192.14189;   0.00000;1238.66206
 734.23423; 169.23416;   0.00000; 191.95074;   0.00000;1238.81510
 735.73574; 169.27203;   0.00000; 191.76142;   0.00000;1238.96655
 737.23724; 169.30964;   0.00000; 191.57393;   0.00000;1239.11643
 738.73874; 169.34701;   0.00000; 191.38824;   0.00000;1239.26474
 740.24024; 169.38414;   0.00000; 191.20435;   0.00000;1239.41151
 741.74174; 169.42103;   0.00000; 191.02223;   0.00000;1239.55675
 743.24324; 169.45767;   0.00000; 190.84187;   0.00000;1239.70046
 744.74474; 169.49408;   0.00000; 190.66327;   0.00000;1239.84266
 746.24625; 169.53024;   0.00000; 190.48640;   0.00000;1239.98336
 747.74775; 169.56616;   0.00000; 190.31126;   0.00000;1240.12258
 749.24925; 169.60185;   0.00000; 190.13783;   0.00000;1240.26032
 750.75075; 169.63730;   0.00000; 189.96609;   0.00000;1240.39661
 752.25225; 169.67251;   0.00000; 189.79604;   0.00000;1240.53145
 753.75375; 169.70749;   0.00000; 189.62765;   0.00000;1240.66485
 755.25526; 169.74224;   0.00000; 189.46093;   0.00000;1240.79684
 756.75676; 169.77675;   0.00000; 189.29584;   0.00000;1240.92741
 758.25826; 169.81103;   0.00000; 189.13239;   0.00000;1241.05658
 759.75976; 169.84508;   0.00000; 188.97055;   0.00000;1241.18437
 761.26126; 169.87890;   0.00000; 188.81032;   0.00000;1241.31079
 762.76276; 169.91249;   0.00000; 188.65167;   0.00000;1241.43584
 764.26426; 169.94585;   0.00000; 188.49461;   0.00000;1241.55954
 765.76577; 169.97899;   0.00000; 188.33910;   0.00000;1241.68191
 767.26727; 170.01189;   0.00000; 188.18515;   0.00000;1241.80295
 768.76877; 170.04458;   0.00000; 188.03274;   0.00000;1241.92268
 770.27027; 170.07704;   0.00000; 187.88185;   0.00000;1242.04111
 771.77177; 170.10928;   0.00000; 187.73248;   0.00000;1242.15824
 773.27327; 170.14130;   0.00000; 187.58461;   0.00000;1242.27410
 774.77477; 170.17309;   0.00000; 187.43822;   0.00000;1242.38869
 776.27628; 170.20467;   0.00000; 187.29331;   0.00000;1242.50203
 777.77778; 170.23603;   0.00000; 187.14986;   0.00000;1242.61412
 779.27928; 170.26717;   0.00000; 187.00786;   0.00000;1242.72498
 780.78078; 170.29809;   0.00000; 186.86730;   0.00000;1242.83462
 782.28228; 170.32880;   0.00000; 186.72816;   0.00000;1242.94305
 783.78378; 170.35929;   0.00000; 186.59043;   0.00000;1243.05028
 785.28529; 170.38957;   0.00000; 186.45411;   0.00000;1243.15632
 786.78679; 170.41964;   0.00000; 186.31917;   0.00000;1243.26119
 788.28829; 170.44949;   0.00000; 186.18561;   0.00000;1243.36489
 789.78979; 170.47914;   0.00000; 186.05342;   0.00000;1243.46744
 791.29129; 170.50857;   0.00000; 185.92258;   0.00000;1243.56885
 792.79279; 170.53780;   0.00000; 185.79307;   0.00000;1243.66913
 794.29429; 170.56682;   0.00000; 185.66490;   0.00000;1243.76828
 795.79580; 170.59563;   0.00000; 185.53804;   0.00000;1243.86633
 797.29730; 170.62424;   0.00000; 185.41249;   0.00000;1243.96327
 798.79880; 170.65264;   0.00000; 185.28823;   0.00000;1244.05913
 800.30030; 170.68085;   0.00000; 185.16525;   0.00000;1244.15390
 801.80180; 170.70884;   0.00000; 185.04355;   0.00000;1244.24761
 803.30330; 170.73664;   0.00000; 184.92310;   0.00000;1244.34026
 804.80480; 170.76424;   0.00000; 184.80390;   0.00000;1244.43187
 806.30631; 170.79164;   0.00000; 184.68593;   0.00000;1244.52243
 807.80781; 170.81884;   0.00000; 184.56919;   0.00000;1244.61197
 809.30931; 170.84584;   0.00000; 184.45366;   0.00000;1244.70050
 810.81081; 170.87265;   0.00000; 184.33934;   0.00000;1244.78801
 812.31231; 170.89926;   0.00000; 184.22621;   0.00000;1244.87453
 813.81381; 170.92568;   0.00000; 184.11426;   0.00000;1244.96006
 815.31532; 170.95191;   0.00000; 184.00347;   0.00000;1245.04462
 816.81682; 170.97794;   0.00000; 183.89385;   0.00000;1245.12821
 818.31832; 171.00378;   0.00000; 183.78538;   0.00000;1245.21084
 819.81982; 171.02944;   0.00000; 183.67804;   0.00000;1245.29253
 821.32132; 171.05490;   0.00000; 183.57183;   0.00000;1245.37327
 822.82282; 171.08018;   0.00000; 183.46673;   0.00000;1245.45309
 824.32432; 171.10527;   0.00000; 183.36274;   0.00000;1245.53199
 825.82583; 171.13017;   0.00000; 183.25985;   0.00000;1245.60997
 827.32733; 171.15489;   0.00000; 183.15804;   0.00000;1245.68706
 828.82883; 171.17943;   0.00000; 183.05731;   0.00000;1245.76326
 830.33033; 171.20379;   0.00000; 182.95764;   0.00000;1245.83857
 831.83183; 171.22796;   0.00000; 182.85903;   0.00000;1245.91301
 833.33333; 171.25195;   0.00000; 182.76146;   0.00000;1245.98659
 834.83483; 171.27576;   0.00000; 182.66492;   0.00000;1246.05931
 836.33634; 171.29940;   0.00000; 182.56941;   0.00000;1246.13119
 837.83784; 171.32285;   0.00000; 182.47492;   0.00000;1246.20223
 839.33934; 171.34614;   0.00000; 182.38143;   0.00000;1246.27244
 840.84084; 171.36924;   0.00000; 182.28893;   0.00000;1246.34183
 842.34234; 171.39217;   0.00000; 182.19742;   0.00000;1246.41040
 843.84384; 171.41493;   0.00000; 182.10689;   0.00000;1246.47818
 845.34535; 171.43751;   0.00000; 182.01733;   0.00000;1246.54516
 846.84685; 171.45993;   0.00000; 181.92872;   0.00000;1246.61136
 848.34835; 171.48217;   0.00000; 181.84106;   0.00000;1246.67677
 849.84985; 171.50424;   0.00000; 181.75434;   0.00000;1246.74142
 851.35135; 171.52615;   0.00000; 181.66854;   0.00000;1246.80531
 852.85285; 171.54789;   0.00000; 181.58367;   0.00000;1246.86844
 854.35435; 171.56946;   0.00000; 181.49971;   0.00000;1246.93083
 855.85586; 171.59087;   0.00000; 181.41665;   0.00000;1246.99248
 857.35736; 171.61211;   0.00000; 181.33449;   0.00000;1247.05340
 858.85886; 171.63319;   0.00000; 181.25321;   0.00000;1247.11360
 860.36036; 171.65410;   0.00000; 181.17281;   0.00000;1247.17309
 861.86186; 171.67486;   0.00000; 181.09327;   0.00000;1247.23187
 863.36336; 171.69545;   0.00000; 181.01459;   0.00000;1247.28995
 864.86486; 171.71589;   0.00000; 180.93677;   0.00000;1247.34734
 866.36637; 171.73616;   0.00000; 180.85978;   0.00000;1247.40405
 867.86787; 171.75628;   0.00000; 180.78363;   0.00000;1247.46009
 869.36937; 171.77625;   0.00000; 180.70830;   0.00000;1247.51545
 870.87087; 171.79605;   0.00000; 180.63379;   0.00000;1247.57015
 872.37237; 171.81571;   0.00000; 180.56009;   0.00000;1247.62420
 873.87387; 171.83521;   0.00000; 180.48719;   0.00000;1247.67760
 875.37538; 171.85455;   0.00000; 180.41508;   0.00000;1247.73037
 876.87688; 171.87375;   0.00000; 180.34375;   0.00000;1247.78250
 878.37838; 171.89279;   0.00000; 180.27321;   0.00000;1247.83400
 879.87988; 171.91169;   0.00000; 180.20342;   0.00000;1247.88489
 881.38138; 171.93043;   0.00000; 180.13440;   0.00000;1247.93516
 882.88288; 171.94903;   0.00000; 180.06614;   0.00000;1247.98483
 884.38438; 171.96748;   0.00000; 179.99862;   0.00000;1248.03390
 885.88589; 171.98578;   0.00000; 179.93183;   0.00000;1248.08238
 887.38739; 172.00394;   0.00000; 179.86578;   0.00000;1248.13028
 888.88889; 172.02196;   0.00000; 179.80044;   0.00000;1248.17760
 890.39039; 172.03983;   0.00000; 179.73583;   0.00000;1248.22434
 891.89189; 172.05756;   0.00000; 179.67192;   0.00000;1248.27052
 893.39339; 172.07515;   0.00000; 179.60871;   0.00000;1248.31614
 894.89489; 172.09260;   0.00000; 179.54619;   0.00000;1248.36121
 896.39640; 172.10991;   0.00000; 179.48436;   0.00000;1248.40573
 897.89790; 172.12708;   0.00000; 179.42321;   0.00000;1248.44971
 899.39940; 172.14411;   0.00000; 179.36274;   0.00000;1248.49315
 900.90090; 172.16101;   0.00000; 179.30292;   0.00000;1248.53607
 902.40240; 172.17777;   0.00000; 179.24377;   0.00000;1248.57846
 903.90390; 172.19440;   0.00000; 179.18526;   0.00000;1248.62034
 905.40541; 172.21089;   0.00000; 179.12740;   0.00000;1248.66171
 906.90691; 172.22725;   0.00000; 179.07018;   0.00000;1248.70257
 908.40841; 172.24347;   0.00000; 179.01359;   0.00000;1248.74294
 909.90991; 172.25957;   0.00000; 178.95763;   0.00000;1248.78281
 911.41141; 172.27553;   0.00000; 178.90228;   0.00000;1248.82219
 912.91291; 172.29137;   0.00000; 178.84754;   0.00000;1248.86109
 914.41441; 172.30707;   0.00000; 178.79341;   0.00000;1248.89952
 915.91592; 172.32265;   0.00000; 178.73988;   0.00000;1248.93747
 917.41742; 172.33810;   0.00000; 178.68694;   0.00000;1248.97496
 918.91892; 172.35343;   0.00000; 178.63458;   0.00000;1249.01199
 920.42042; 172.36863;   0.00000; 178.58281;   0.00000;1249.04856
 921.92192; 172.38370;   0.00000; 178.53161;   0.00000;1249.08469
 923.42342; 172.39866;   0.00000; 178.48098;   0.00000;1249.12036
 924.92492; 172.41349;   0.00000; 178.43091;   0.00000;1249.15560
 926.42643; 172.42819;   0.00000; 178.38140;   0.00000;1249.19041
 927.92793; 172.44278;   0.00000; 178.33243;   0.00000;1249.22479
 929.42943; 172.45725;   0.00000; 178.28401;   0.00000;1249.25874
 930.93093; 172.47160;   0.00000; 178.23613;   0.00000;1249.29227
 932.43243; 172.48582;   0.00000; 178.18878;   0.00000;1249.32539
 933.93393; 172.49994;   0.00000; 178.14196;   0.00000;1249.35810
 935.43544; 172.51393;   0.00000; 178.09566;   0.00000;1249.39041
 936.93694; 172.52781;   0.00000; 178.04987;   0.00000;1249.42232
 938.43844; 172.54157;   0.00000; 178.00460;   0.00000;1249.45383
 939.93994; 172.55522;   0.00000; 177.95983;   0.00000;1249.48495
 941.44144; 172.56876;   0.00000; 177.91556;   0.00000;1249.51568
 942.94294; 172.58218;   0.00000; 177.87178;   0.00000;1249.54603
 944.44444; 172.59550;   0.00000; 177.82850;   0.00000;1249.57601
 945.94595; 172.60870;   0.00000; 177.78569;   0.00000;1249.60561
 947.44745; 172.62179;   0.00000; 177.74337;   0.00000;1249.63485
 948.94895; 172.63477;   0.00000; 177.70151;   0.00000;1249.66372
 950.45045; 172.64764;   0.00000; 177.66013;   0.00000;1249.69223
 951.95195; 172.66040;   0.00000; 177.61921;   0.00000;1249.72039
 953.45345; 172.67306;   0.00000; 177.57874;   0.00000;1249.74820
 954.95495; 172.68561;   0.00000; 177.53873;   0.00000;1249.77565
 956.45646; 172.69806;   0.00000; 177.49917;   0.00000;1249.80277
 957.95796; 172.71040;   0.00000; 177.46005;   0.00000;1249.82955
 959.45946; 172.72263;   0.00000; 177.42137;   0.00000;1249.85599
 960.96096; 172.73477;   0.00000; 177.38313;   0.00000;1249.88211
 962.46246; 172.74680;   0.00000; 177.34531;   0.00000;1249.90789
 963.96396; 172.75872;   0.00000; 177.30792;   0.00000;1249.93336
 965.46547; 172.77055;   0.00000; 177.27094;   0.00000;1249.95850
 966.96697; 172.78228;   0.00000; 177.23438;   0.00000;1249.98334
 968.46847; 172.79391;   0.00000; 177.19824;   0.00000;1250.00785
 969.96997; 172.80544;   0.00000; 177.16250;   0.00000;1250.03207
 971.47147; 172.81687;   0.00000; 177.12716;   0.00000;1250.05598
 972.97297; 172.82820;   0.00000; 177.09221;   0.00000;1250.07958
 974.47447; 172.83944;   0.00000; 177.05767;   0.00000;1250.10290
 975.97598; 172.85058;   0.00000; 177.02351;   0.00000;1250.12591
 977.47748; 172.86163;   0.00000; 176.98973;   0.00000;1250.14864
 978.97898; 172.87258;   0.00000; 176.95634;   0.00000;1250.17109
 980.48048; 172.88344;   0.00000; 176.92332;   0.00000;1250.19325
 981.98198; 172.89420;   0.00000; 176.89067;   0.00000;1250.21513
 983.48348; 172.90487;   0.00000; 176.85839;   0.00000;1250.23674
 984.98498; 172.91545;   0.00000; 176.82647;   0.00000;1250.25807
 986.48649; 172.92594;   0.00000; 176.79492;   0.00000;1250.27914
 987.98799; 172.93634;   0.00000; 176.76372;   0.00000;1250.29994
 989.48949; 172.94665;   0.00000; 176.73287;   0.00000;1250.32047
 990.99099; 172.95687;   0.00000; 176.70237;   0.00000;1250.34075
 992.49249; 172.96701;   0.00000; 176.67222;   0.00000;1250.36077
 993.99399; 172.97705;   0.00000; 176.64240;   0.00000;1250.38054
 995.49550; 172.98701;   0.00000; 176.61293;   0.00000;1250.40006
 996.99700; 172.99688;   0.00000; 176.58378;   0.00000;1250.41933
 998.49850; 173.00667;   0.00000; 176.55497;   0.00000;1250.43836
1000.00000; 173.01637;   0.00000; 176.52648;   0.00000;1250.45715
1001.50150; 173.02599;   0.00000; 176.49831;   0.00000;1250.47570
1003.00300; 173.03552;   0.00000; 176.47046;   0.00000;1250.49401
1004.50450; 173.04498;   0.00000; 176.44293;   0.00000;1250.51210
1006.00601; 173.05434;   0.00000; 176.41571;   0.00000;1250.52995
1007.50751; 173.06363;   0.00000; 176.38879;   0.00000;1250.54758
1009.00901; 173.07284;   0.00000; 176.36218;   0.00000;1250.56498
1010.51051; 173.08196;   0.00000; 176.33588;   0.00000;1250.58216
1012.01201; 173.09101;   0.00000; 176.30987;   0.00000;1250.59912
1013.51351; 173.09998;   0.00000; 176.28415;   0.00000;1250.61587
1015.01502; 173.10887;   0.00000; 176.25873;   0.00000;1250.63241
1016.51652; 173.11768;   0.00000; 176.23359;   0.00000;1250.64873
1018.01802; 173.12641;   0.00000; 176.20874;   0.00000;1250.66485
1019.51952; 173.13507;   0.00000; 176.18417;   0.00000;1250.68076
1021.02102; 173.14365;   0.00000; 176.15988;   0.00000;1250.69647
1022.52252; 173.15215;   0.00000; 176.13587;   0.00000;1250.71198
1024.02402; 173.16058;   0.00000; 176.11212;   0.00000;1250.72729
1025.52553; 173.16894;   0.00000; 176.08865;   0.00000;1250.74241
1027.02703; 173.17722;   0.00000; 176.06544;   0.00000;1250.75733
1028.52853; 173.18543;   0.00000; 176.04250;   0.00000;1250.77207
1030.03003; 173.19357;   0.00000; 176.01982;   0.00000;1250.78661
1031.53153; 173.20163;   0.00000; 175.99739;   0.00000;1250.80097
1033.03303; 173.20963;   0.00000; 175.97522;   0.00000;1250.81515
1034.53453; 173.21755;   0.00000; 175.95330;   0.00000;1250.82915
1036.03604; 173.22540;   0.00000; 175.93163;   0.00000;1250.84296
1037.53754; 173.23319;   0.00000; 175.91021;   0.00000;1250.85660
1039.03904; 173.24090;   0.00000; 175.88903;   0.00000;1250.87007
1040.54054; 173.24854;   0.00000; 175.86809;   0.00000;1250.88336
1042.04204; 173.25612;   0.00000; 175.84739;   0.00000;1250.89649
1043.54354; 173.26363;   0.00000; 175.82692;   0.00000;1250.90944
1045.04505; 173.27107;   0.00000; 175.80669;   0.00000;1250.92224
1046.54655; 173.27845;   0.00000; 175.78669;   0.00000;1250.93486
1048.04805; 173.28576;   0.00000; 175.76691;   0.00000;1250.94733
1049.54955; 173.29301;   0.00000; 175.74736;   0.00000;1250.95963
1051.05105; 173.30019;   0.00000; 175.72803;   0.00000;1250.97178
1052.55255; 173.30730;   0.00000; 175.70893;   0.00000;1250.98377
1054.05405; 173.31436;   0.00000; 175.69004;   0.00000;1250.99561
1055.55556; 173.32135;   0.00000; 175.67136;   0.00000;1251.00729
1057.05706; 173.32827;   0.00000; 175.65290;   0.00000;1251.01883
1058.55856; 173.33514;   0.00000; 175.63465;   0.00000;1251.03022
1060.06006; 173.34194;   0.00000; 175.61660;   0.00000;1251.04146
1061.56156; 173.34868;   0.00000; 175.59876;   0.00000;1251.05255
1063.06306; 173.35537;   0.00000; 175.58113;   0.00000;1251.06351
1064.56456; 173.36199;   0.00000; 175.56369;   0.00000;1251.07432
1066.06607; 173.36855;   0.00000; 175.54645;   0.00000;1251.08500
1067.56757; 173.37505;   0.00000; 175.52941;   0.00000;1251.09553
1069.06907; 173.38149;   0.00000; 175.51257;   0.00000;1251.10594
1070.57057; 173.38788;   0.00000; 175.49591;   0.00000;1251.11621
1072.07207; 173.39421;   0.00000; 175.47945;   0.00000;1251.12634
1073.57357; 173.40048;   0.00000; 175.46317;   0.00000;1251.13635
1075.07508; 173.40669;   0.00000; 175.44708;   0.00000;1251.14622
1076.57658; 173.41285;   0.00000; 175.43118;   0.00000;1251.15597
1078.07808; 173.41895;   0.00000; 175.41545;   0.00000;1251.16560
1079.57958; 173.42500;   0.00000; 175.39990;   0.00000;1251.17510
1081.08108; 173.43099;   0.00000; 175.38453;   0.00000;1251.18447
1082.58258; 173.43693;   0.00000; 175.36934;   0.00000;1251.19373
1084.08408; 173.44281;   0.00000; 175.35432;   0.00000;1251.20287
1085.58559; 173.44864;   0.00000; 175.33947;   0.00000;1251.21189
1087.08709; 173.45442;   0.00000; 175.32479;   0.00000;1251.22079
1088.58859; 173.46014;   0.00000; 175.31028;   0.00000;1251.22958
1090.09009; 173.46581;   0.00000; 175.29593;   0.00000;1251.23825
1091.59159; 173.47143;   0.00000; 175.28175;   0.00000;1251.24682
1093.09309; 173.47700;   0.00000; 175.26773;   0.00000;1251.25527
1094.59459; 173.48252;   0.00000; 175.25387;   0.00000;1251.26361
1096.09610; 173.48799;   0.00000; 175.24016;   0.00000;1251.27185
1097.59760; 173.49341;   0.00000; 175.22662;   0.00000;1251.27997
1099.09910; 173.49878;   0.00000; 175.21323;   0.00000;1251.28800
1100.60060; 173.50409;   0.00000; 175.19999;   0.00000;1251.29592
1102.10210; 173.50936;   0.00000; 175.18690;   0.00000;1251.30374
1103.60360; 173.51459;   0.00000; 175.17396;   0.00000;1251.31145
1105.10511; 173.51976;   0.00000; 175.16117;   0.00000;1251.31907
1106.60661; 173.52489;   0.00000; 175.14853;   0.00000;1251.32659
1108.10811; 173.52997;   0.00000; 175.13603;   0.00000;1251.33401
1109.60961; 173.53500;   0.00000; 175.12367;   0.00000;1251.34133
1111.11111; 173.53999;   0.00000; 175.11145;   0.00000;1251.34856
1112.61261; 173.54493;   0.00000; 175.09938;   0.00000;1251.35570
1114.11411; 173.54982;   0.00000; 175.08744;   0.00000;1251.36274
1115.61562; 173.55467;   0.00000; 175.07564;   0.00000;1251.36969
1117.11712; 173.55948;   0.00000; 175.06397;   0.00000;1251.37656
1118.61862; 173.56424;   0.00000; 175.05243;   0.00000;1251.38333
1120.12012; 173.56895;   0.00000; 175.04103;   0.00000;1251.39002
1121.62162; 173.57363;   0.00000; 175.02976;   0.00000;1251.39661
1123.12312; 173.57826;   0.00000; 175.01862;   0.00000;1251.40313
1124.62462; 173.58284;   0.00000; 175.00760;   0.00000;1251.40956
1126.12613; 173.58739;   0.00000; 174.99671;   0.00000;1251.41590
1127.62763; 173.59189;   0.00000; 174.98594;   0.00000;1251.42216
1129.12913; 173.59635;   0.00000; 174.97530;   0.00000;1251.42835
1130.63063; 173.60077;   0.00000; 174.96478;   0.00000;1251.43445
1132.13213; 173.60515;   0.00000; 174.95438;   0.00000;1251.44047
1133.63363; 173.60949;   0.00000; 174.94410;   0.00000;1251.44642
1135.13514; 173.61378;   0.00000; 174.93393;   0.00000;1251.45228
1136.63664; 173.61804;   0.00000; 174.92389;   0.00000;1251.45807
1138.13814; 173.62226;   0.00000; 174.91395;   0.00000;1251.46379
1139.63964; 173.62644;   0.00000; 174.90413;   0.00000;1251.46943
1141.14114; 173.63058;   0.00000; 174.89443;   0.00000;1251.47500
1142.64264; 173.63468;   0.00000; 174.88483;   0.00000;1251.48049
1144.14414; 173.63874;   0.00000; 174.87534;   0.00000;1251.48592
1145.64565; 173.64277;   0.00000; 174.86596;   0.00000;1251.49127
1147.14715; 173.64675;   0.00000; 174.85669;   0.00000;1251.49655
1148.64865; 173.65070;   0.00000; 174.84753;   0.00000;1251.50177
1150.15015; 173.65462;   0.00000; 174.83847;   0.00000;1251.50692
1151.65165; 173.65849;   0.00000; 174.82951;   0.00000;1251.51200
1153.15315; 173.66233;   0.00000; 174.82066;   0.00000;1251.51701
1154.65465; 173.66614;   0.00000; 174.81190;   0.00000;1251.52196
1156.15616; 173.66991;   0.00000; 174.80325;   0.00000;1251.52684
1157.65766; 173.67364;   0.00000; 174.79470;   0.00000;1251.53167
1159.15916; 173.67734;   0.00000; 174.78624;   0.00000;1251.53642
1160.66066; 173.68100;   0.00000; 174.77788;   0.00000;1251.54112
1162.16216; 173.68463;   0.00000; 174.76962;   0.00000;1251.54575
1163.66366; 173.68822;   0.00000; 174.76145;   0.00000;1251.55033
1165.16517; 173.69179;   0.00000; 174.75337;   0.00000;1251.55484
1166.66667; 173.69531;   0.00000; 174.74539;   0.00000;1251.55930
1168.16817; 173.69881;   0.00000; 174.73749;   0.00000;1251.56370
1169.66967; 173.70227;   0.00000; 174.72969;   0.00000;1251.56804
1171.17117; 173.70570;   0.00000; 174.72198;   0.00000;1251.57232
1172.67267; 173.70909;   0.00000; 174.71435;   0.00000;1251.57655
1174.17417; 173.71246;   0.00000; 174.70682;   0.00000;1251.58073
1175.67568; 173.71579;   0.00000; 174.69936;   0.00000;1251.58484
1177.17718; 173.71909;   0.00000; 174.69200;   0.00000;1251.58891
1178.67868; 173.72236;   0.00000; 174.68472;   0.00000;1251.59292
1180.18018; 173.72560;   0.00000; 174.67752;   0.00000;1251.59688
1181.68168; 173.72881;   0.00000; 174.67040;   0.00000;1251.60079
1183.18318; 173.73199;   0.00000; 174.66337;   0.00000;1251.60464
1184.68468; 173.73514;   0.00000; 174.65641;   0.00000;1251.60845
1186.18619; 173.73826;   0.00000; 174.64954;   0.00000;1251.61221
1187.68769; 173.74135;   0.00000; 174.64274;   0.00000;1251.61592
1189.18919; 173.74441;   0.00000; 174.63602;   0.00000;1251.61958
1190.69069; 173.74744;   0.00000; 174.62938;   0.00000;1251.62319
1192.19219; 173.75044;   0.00000; 174.62281;   0.00000;1251.62675
1193.69369; 173.75341;   0.00000; 174.61632;   0.00000;1251.63027
1195.19520; 173.75636;   0.00000; 174.60990;   0.00000;1251.63374
1196.69670; 173.75927;   0.00000; 174.60356;   0.00000;1251.63717
1198.19820; 173.76216;   0.00000; 174.59729;   0.00000;1251.64055
1199.69970; 173.76502;   0.00000; 174.59109;   0.00000;1251.64389
1201.20120; 173.76786;   0.00000; 174.58496;   0.00000;1251.64718
1202.70270; 173.77067;   0.00000; 174.57890;   0.00000;1251.65043
1204.20420; 173.77345;   0.00000; 174.57291;   0.00000;1251.65364
1205.70571; 173.77620;   0.00000; 174.56699;   0.00000;1251.65681
1207.20721; 173.77893;   0.00000; 174.56114;   0.00000;1251.65993
1208.70871; 173.78163;   0.00000; 174.55535;   0.00000;1251.66302
1210.21021; 173.78431;   0.00000; 174.54963;   0.00000;1251.66606
1211.71171; 173.78696;   0.00000; 174.54398;   0.00000;1251.66906
1213.21321; 173.78958;   0.00000; 174.53839;   0.00000;1251.67203
1214.71471; 173.79218;   0.00000; 174.53286;   0.00000;1251.67495
1216.21622; 173.79476;   0.00000; 174.52740;   0.00000;1251.67784
1217.71772; 173.79731;   0.00000; 174.52200;   0.00000;1251.68069
1219.21922; 173.79984;   0.00000; 174.51666;   0.00000;1251.68350
1220.72072; 173.80234;   0.00000; 174.51138;   0.00000;1251.68628
1222.22222; 173.80482;   0.00000; 174.50617;   0.00000;1251.68902
1223.72372; 173.80727;   0.00000; 174.50101;   0.00000;1251.69172
1225.22523; 173.80970;   0.00000; 174.49591;   0.00000;1251.69439
1226.72673; 173.81211;   0.00000; 174.49087;   0.00000;1251.69702
1228.22823; 173.81449;   0.00000; 174.48589;   0.00000;1251.69962
1229.72973; 173.81685;   0.00000; 174.48096;   0.00000;1251.70219
1231.23123; 173.81919;   0.00000; 174.47609;   0.00000;1251.70472
1232.73273; 173.82151;   0.00000; 174.47128;   0.00000;1251.70722
1234.23423; 173.82380;   0.00000; 174.46652;   0.00000;1251.70968
1235.73574; 173.82608;   0.00000; 174.46181;   0.00000;1251.71211
1237.23724; 173.82833;   0.00000; 174.45716;   0.00000;1251.71451
1238.73874; 173.83055;   0.00000; 174.45256;   0.00000;1251.71688
1240.24024; 173.83276;   0.00000; 174.44802;   0.00000;1251.71922
1241.74174; 173.83495;   0.00000; 174.44352;   0.00000;1251.72153
1243.24324; 173.83711;   0.00000; 174.43908;   0.00000;1251.72381
1244.74474; 173.83925;   0.00000; 174.43469;   0.00000;1251.72606
1246.24625; 173.84138;   0.00000; 174.43035;   0.00000;1251.72827
1247.74775; 173.84348;   0.00000; 174.42606;   0.00000;1251.73046
1249.24925; 173.84556;   0.00000; 174.42182;   0.00000;1251.73262
1250.75075; 173.84762;   0.00000; 174.41762;   0.00000;1251.73475
1252.25225; 173.84967;   0.00000; 174.41347;   0.00000;1251.73686
1253.75375; 173.85169;   0.00000; 174.40938;   0.00000;1251.73894
1255.25526; 173.85369;   0.00000; 174.40532;   0.00000;1251.74098
1256.75676; 173.85568;   0.00000; 174.40132;   0.00000;1251.74301
1258.25826; 173.85764;   0.00000; 174.39736;   0.00000;1251.74500
1259.75976; 173.85958;   0.00000; 174.39344;   0.00000;1251.74697
1261.26126; 173.86151;   0.00000; 174.38957;   0.00000;1251.74892
1262.76276; 173.86342;   0.00000; 174.38575;   0.00000;1251.75083
1264.26426; 173.86531;   0.00000; 174.38196;   0.00000;1251.75273
1265.76577; 173.86718;   0.00000; 174.37823;   0.00000;1251.75460
1267.26727; 173.86903;   0.00000; 174.37453;   0.00000;1251.75644
1268.76877; 173.87087;   0.00000; 174.37087;   0.00000;1251.75826
1270.27027; 173.87268;   0.00000; 174.36726;   0.00000;1251.76005
1271.77177; 173.87448;   0.00000; 174.36369;   0.00000;1251.76183
1273.27327; 173.87626;   0.00000; 174.36016;   0.00000;1251.76358
1274.77477; 173.87803;   0.00000; 174.35667;   0.00000;1251.76530
1276.27628; 173.87978;   0.00000; 174.35322;   0.00000;1251.76700
1277.77778; 173.88151;   0.00000; 174.34981;   0.00000;1251.76869
1279.27928; 173.88322;   0.00000; 174.34644;   0.00000;1251.77034
1280.78078; 173.88492;   0.00000; 174.34310;   0.00000;1251.77198
1282.28228; 173.88660;   0.00000; 174.33981;   0.00000;1251.77360
1283.78378; 173.88826;   0.00000; 174.33655;   0.00000;1251.77519
1285.28529; 173.88991;   0.00000; 174.33333;   0.00000;1251.77676
1286.78679; 173.89154;   0.00000; 174.33014;   0.00000;1251.77832
1288.28829; 173.89315;   0.00000; 174.32700;   0.00000;1251.77985
1289.78979; 173.89475;   0.00000; 174.32388;   0.00000;1251.78136
1291.29129; 173.89634;   0.00000; 174.32081;   0.00000;1251.78285
1292.79279; 173.89791;   0.00000; 174.31777;   0.00000;1251.78433
1294.29429; 173.89946;   0.00000; 174.31476;   0.00000;1251.78578
1295.79580; 173.90100;   0.00000; 174.31179;   0.00000;1251.78721
1297.29730; 173.90252;   0.00000; 174.30885;   0.00000;1251.78863
1298.79880; 173.90403;   0.00000; 174.30595;   0.00000;1251.79003
1300.30030; 173.90552;   0.00000; 174.30307;   0.00000;1251.79140
1301.80180; 173.90700;   0.00000; 174.30023;   0.00000;1251.79276
1303.30330; 173.90847;   0.00000; 174.29743;   0.00000;1251.79411
1304.80480; 173.90992;   0.00000; 174.29465;   0.00000;1251.79543
1306.30631; 173.91135;   0.00000; 174.29191;   0.00000;1251.79674
1307.80781; 173.91277;   0.00000; 174.28920;   0.00000;1251.79803
1309.30931; 173.91418;   0.00000; 174.28652;   0.00000;1251.79930
1310.81081; 173.91558;   0.00000; 174.28387;   0.00000;1251.80056
1312.31231; 173.91696;   0.00000; 174.28125;   0.00000;1251.80180
1313.81381; 173.91832;   0.00000; 174.27866;   0.00000;1251.80302
1315.31532; 173.91968;   0.00000; 174.27610;   0.00000;1251.80423
1316.81682; 173.92102;   0.00000; 174.27357;   0.00000;1251.80542
1318.31832; 173.92234;   0.00000; 174.27106;   0.00000;1251.80660
1319.81982; 173.92366;   0.00000; 174.26859;   0.00000;1251.80776
1321.32132; 173.92496;   0.00000; 174.26614;   0.00000;1251.80890
1322.82282; 173.92624;   0.00000; 174.26372;   0.00000;1251.81003
1324.32432; 173.92752;   0.00000; 174.26133;   0.00000;1251.81115
1325.82583; 173.92878;   0.00000; 174.25897;   0.00000;1251.81225
1327.32733; 173.93003;   0.00000; 174.25663;   0.00000;1251.81333
1328.82883; 173.93127;   0.00000; 174.25432;   0.00000;1251.81440
1330.33033; 173.93250;   0.00000; 174.25204;   0.00000;1251.81546
1331.83183; 173.93371;   0.00000; 174.24978;   0.00000;1251.81651
1333.33333; 173.93491;   0.00000; 174.24755;   0.00000;1251.81754
1334.83483; 173.93610;   0.00000; 174.24535;   0.00000;1251.81855
1336.33634; 173.93728;   0.00000; 174.24316;   0.00000;1251.81955
1337.83784; 173.93845;   0.00000; 174.24101;   0.00000;1251.82054
1339.33934; 173.93960;   0.00000; 174.23888;   0.00000;1251.82152
1340.84084; 173.94075;   0.00000; 174.23677;   0.00000;1251.82249
1342.34234; 173.94188;   0.00000; 174.23469;   0.00000;1251.82344
1343.84384; 173.94300;   0.00000; 174.23263;   0.00000;1251.82438
1345.34535; 173.94411;   0.00000; 174.23059;   0.00000;1251.82530
1346.84685; 173.94521;   0.00000; 174.22858;   0.00000;1251.82622
1348.34835; 173.94630;   0.00000; 174.22659;   0.00000;1251.82712
1349.84985; 173.94737;   0.00000; 174.22462;   0.00000;1251.82801
1351.35135; 173.94844;   0.00000; 174.22267;   0.00000;1251.82889
1352.85285; 173.94950;   0.00000; 174.22075;   0.00000;1251.82975
1354.35435; 173.95054;   0.00000; 174.21885;   0.00000;1251.83061
1355.85586; 173.95158;   0.00000; 174.21697;   0.00000;1251.83145
1357.35736; 173.95260;   0.00000; 174.21511;   0.00000;1251.83229
1358.85886; 173.95362;   0.00000; 174.21327;   0.00000;1251.83311
1360.36036; 173.95462;   0.00000; 174.21146;   0.00000;1251.83392
1361.86186; 173.95562;   0.00000; 174.20966;   0.00000;1251.83472
1363.36336; 173.95660;   0.00000; 174.20789;   0.00000;1251.83551
1364.86486; 173.95758;   0.00000; 174.20613;   0.00000;1251.83629
1366.36637; 173.95854;   0.00000; 174.20440;   0.00000;1251.83706
1367.86787; 173.95950;   0.00000; 174.20268;   0.00000;1251.83782
1369.36937; 173.96045;   0.00000; 174.20099;   0.00000;1251.83857
1370.87087; 173.96138;   0.00000; 174.19931;   0.00000;1251.83931
1372.37237; 173.96231;   0.00000; 174.19765;   0.00000;1251.84004
1373.87387; 173.96323;   0.00000; 174.19602;   0.00000;1251.84076
1375.37538; 173.96414;   0.00000; 174.19440;   0.00000;1251.84147
1376.87688; 173.96504;   0.00000; 174.19279;   0.00000;1251.84217
1378.37838; 173.96593;   0.00000; 174.19121;   0.00000;1251.84286
1379.87988; 173.96681;   0.00000; 174.18965;   0.00000;1251.84354
1381.38138; 173.96769;   0.00000; 174.18810;   0.00000;1251.84422
1382.88288; 173.96855;   0.00000; 174.18657;   0.00000;1251.84488
1384.38438; 173.96941;   0.00000; 174.18506;   0.00000;1251.84554
1385.88589; 173.97025;   0.00000; 174.18356;   0.00000;1251.84619
1387.38739; 173.97109;   0.00000; 174.18208;   0.00000;1251.84682
1388.88889; 173.97192;   0.00000; 174.18062;   0.00000;1251.84745
1390.39039; 173.97275;   0.00000; 174.17918;   0.00000;1251.84808
1391.89189; 173.97356;   0.00000; 174.17775;   0.00000;1251.84869
1393.39339; 173.97437;   0.00000; 174.17634;   0.00000;1251.84930
1394.89489; 173.97517;   0.00000; 174.17494;   0.00000;1251.84989
1396.39640; 173.97596;   0.00000; 174.17356;   0.00000;1251.85048
1397.89790; 173.97674;   0.00000; 174.17219;   0.00000;1251.85107
1399.39940; 173.97751;   0.00000; 174.17084;   0.00000;1251.85164
1400.90090; 173.97828;   0.00000; 174.16951;   0.00000;1251.85221
1402.40240; 173.97904;   0.00000; 174.16819;   0.00000;1251.85277
1403.90390; 173.97979;   0.00000; 174.16689;   0.00000;1251.85332
1405.40541; 173.98053;   0.00000; 174.16560;   0.00000;1251.85387
1406.90691; 173.98127;   0.00000; 174.16433;   0.00000;1251.85440
1408.40841; 173.98200;   0.00000; 174.16307;   0.00000;1251.85493
1409.90991; 173.98272;   0.00000; 174.16182;   0.00000;1251.85546
1411.41141; 173.98344;   0.00000; 174.16059;   0.00000;1251.85597
1412.91291; 173.98414;   0.00000; 174.15937;   0.00000;1251.85648
1414.41441; 173.98485;   0.00000; 174.15817;   0.00000;1251.85699
1415.91592; 173.98554;   0.00000; 174.15698;   0.00000;1251.85748
1417.41742; 173.98622;   0.00000; 174.15580;   0.00000;1251.85797
1418.91892; 173.98690;   0.00000; 174.15464;   0.00000;1251.85846
1420.42042; 173.98758;   0.00000; 174.15349;   0.00000;1251.85893
1421.92192; 173.98824;   0.00000; 174.15235;   0.00000;1251.85940
1423.42342; 173.98890;   0.00000; 174.15123;   0.00000;1251.85987
1424.92492; 173.98956;   0.00000; 174.15012;   0.00000;1251.86033
1426.42643; 173.99020;   0.00000; 174.14902;   0.00000;1251.86078
1427.92793; 173.99084;   0.00000; 174.14793;   0.00000;1251.86123
1429.42943; 173.99147;   0.00000; 174.14686;   0.00000;1251.86167
1430.93093; 173.99210;   0.00000; 174.14580;   0.00000;1251.86210
1432.43243; 173.99272;   0.00000; 174.14475;   0.00000;1251.86253
1433.93393; 173.99334;   0.00000; 174.14371;   0.00000;1251.86295
1435.43544; 173.99394;   0.00000; 174.14268;   0.00000;1251.86337
1436.93694; 173.99455;   0.00000; 174.14167;   0.00000;1251.86378
1438.43844; 173.99514;   0.00000; 174.14067;   0.00000;1251.86419
1439.93994; 173.99573;   0.00000; 174.13968;   0.00000;1251.86459
1441.44144; 173.99632;   0.00000; 174.13870;   0.00000;1251.86499
1442.94294; 173.99689;   0.00000; 174.13773;   0.00000;1251.86538
1444.44444; 173.99747;   0.00000; 174.13677;   0.00000;1251.86577
1445.94595; 173.99803;   0.00000; 174.13582;   0.00000;1251.86615
1447.44745; 173.99859;   0.00000; 174.13488;   0.00000;1251.86652
1448.94895; 173.99915;   0.00000; 174.13396;   0.00000;1251.86689
1450.45045; 173.99970;   0.00000; 174.13304;   0.00000;1251.86726
1451.95195; 174.00024;   0.00000; 174.13214;   0.00000;1251.86762
1453.45345; 174.00078;   0.00000; 174.13124;   0.00000;1251.86798
1454.95495; 174.00131;   0.00000; 174.13036;   0.00000;1251.86833
1456.45646; 174.00184;   0.00000; 174.12948;   0.00000;1251.86867
1457.95796; 174.00236;   0.00000; 174.12862;   0.00000;1251.86902
1459.45946; 174.00288;   0.00000; 174.12777;   0.00000;1251.86935
1460.96096; 174.00339;   0.00000; 174.12692;   0.00000;1251.86969
1462.46246; 174.00390;   0.00000; 174.12608;   0.00000;1251.87002
1463.96396; 174.00440;   0.00000; 174.12526;   0.00000;1251.87034
1465.46547; 174.00490;   0.00000; 174.12444;   0.00000;1251.87066
1466.96697; 174.00539;   0.00000; 174.12363;   0.00000;1251.87098
1468.46847; 174.00588;   0.00000; 174.12284;   0.00000;1251.87129
1469.96997; 174.00636;   0.00000; 174.12205;   0.00000;1251.87160
1471.47147; 174.00683;   0.00000; 174.12127;   0.00000;1251.87190
1472.97297; 174.00731;   0.00000; 174.12049;   0.00000;1251.87220
1474.47447; 174.00777;   0.00000; 174.11973;   0.00000;1251.87250
1475.97598; 174.00824;   0.00000; 174.11898;   0.00000;1251.87279
1477.47748; 174.00869;   0.00000; 174.11823;   0.00000;1251.87307
1478.97898; 174.00915;   0.00000; 174.11749;   0.00000;1251.87336
1480.48048; 174.00960;   0.00000; 174.11677;   0.00000;1251.87364
1481.98198; 174.01004;   0.00000; 174.11604;   0.00000;1251.87392
1483.48348; 174.01048;   0.00000; 174.11533;   0.00000;1251.87419
1484.98498; 174.01091;   0.00000; 174.11463;   0.00000;1251.87446
1486.48649; 174.01134;   0.00000; 174.11393;   0.00000;1251.87472
1487.98799; 174.01177;   0.00000; 174.11324;   0.00000;1251.87499
1489.48949; 174.01219;   0.00000; 174.11256;   0.00000;1251.87525
1490.99099; 174.01261;   0.00000; 174.11189;   0.00000;1251.87550
1492.49249; 174.01302;   0.00000; 174.11122;   0.00000;1251.87575
1493.99399; 174.01343;   0.00000; 174.11057;   0.00000;1251.87600
1495.49550; 174.01384;   0.00000; 174.10991;   0.00000;1251.87625
1496.99700; 174.01424;   0.00000; 174.10927;   0.00000;1251.87649
1498.49850; 174.01464;   0.00000; 174.10864;   0.00000;1251.87673
1500.00000; 174.01503;   0.00000; 174.10801;   0.00000;1251.87696
