,time,L0,B0,L1,B1,A
0,0.0,0.0,0.0,600.0,0.0,1000.0
1,2.002002002002002,34.48444952822137,0.0,598.5453711654153,0.0,966.9701793063634
2,4.004004004004004,48.05118616578187,0.0,597.0830313646422,0.0,954.8657824695761
3,6.0060060060060065,57.916203517249876,0.0,595.6171146353812,0.0,946.466681847369
4,8.008008008008009,65.88098503574886,0.0,594.1490853216762,0.0,939.9699296425749
5,10.01001001001001,72.64122430699693,0.0,592.6797840602966,0.0,934.6789916327066
6,12.012012012012013,78.5525451315037,0.0,591.2097753062961,0.0,930.2376795622002
7,14.014014014014016,83.82550553043244,0.0,589.7394720979303,0.0,926.4350223716373
8,16.016016016016017,88.5968449454283,0.0,588.269193873782,0.0,923.1339611807895
9,18.01801801801802,92.96123540727622,0.0,586.7991974927515,0.0,920.2395670999721
10,20.02002002002002,96.98738585252337,0.0,585.3296955772855,0.0,917.682918570191
11,22.022022022022025,100.72700317816525,0.0,583.8608681486247,0.0,915.41212867321
12,24.024024024024026,104.22013361570271,0.0,582.3928704064086,0.0,913.3869959778884
13,26.026026026026027,107.49852555925607,0.0,580.9258381530917,0.0,911.5756362876521
14,28.028028028028032,110.58784281753088,0.0,579.4598917061423,0.0,909.9522654763266
15,30.030030030030034,113.50917275107896,0.0,577.9951387975824,0.0,908.4956884513385
16,32.032032032032035,116.28008654764102,0.0,576.5316767745735,0.0,907.1882366777854
17,34.034034034034036,118.91540297208628,0.0,575.0695943020837,0.0,906.01500272583
18,36.03603603603604,121.4277532018614,0.0,573.6089727058367,0.0,904.963274092302
19,38.03803803803804,123.82800428251326,0.0,572.149887044136,0.0,904.0221086733508
20,40.04004004004004,126.12558299442293,0.0,570.6924069762828,0.0,903.1820100292942
21,42.04204204204205,128.32872766619903,0.0,569.236597474805,0.0,902.4346748589961
22,44.04404404404405,130.44468541075304,0.0,567.7825194135249,0.0,901.7727951757221
23,46.04604604604605,132.4798703603646,0.0,566.330230061785,0.0,901.1898995778504
24,48.04804804804805,134.4399903668018,0.0,564.8797834990855,0.0,900.6802261341127
25,50.050050050050054,136.33015007182533,0.0,563.4312309675811,0.0,900.2386189605935
26,52.052052052052055,138.15493554931456,0.0,561.9846211738604,0.0,899.8604432768249
27,54.054054054054056,139.91848429288996,0.0,560.5400005485511,0.0,899.5415151585588
28,56.056056056056065,141.62454358583201,0.0,559.0974134711703,0.0,899.2780429429978
29,58.058058058058066,143.27651972352922,0.0,557.656902466413,0.0,899.0665778100577
30,60.06006006006007,144.8775183403228,0.0,556.2185083726913,0.0,898.903973286986
31,62.06206206206207,146.43038110890322,0.0,554.7822704967865,0.0,898.7873483943105
32,64.06406406406407,147.9377148661069,0.0,553.3482267440885,0.0,898.7140583898048
33,66.06606606606607,149.4019175044828,0.0,551.916413736289,0.0,898.6816687592284
34,68.06806806806807,150.82520062793267,0.0,550.486866917245,0.0,898.6879324548225
35,70.07007007007007,152.2096086241912,0.0,549.0596206456626,0.0,898.7307707301464
36,72.07207207207207,153.5570355098564,0.0,547.6347082787541,0.0,898.8082562113897
37,74.07407407407408,154.869239810237,0.0,546.2121622477915,0.0,898.9185979419716
38,76.07607607607608,156.14785744144115,0.0,544.7920141257089,0.0,899.0601284328502
39,78.07807807807808,157.39441322537246,0.0,543.3742946885941,0.0,899.2312920860337
40,80.08008008008008,158.6103305871605,0.0,541.9590339696925,0.0,899.4306354431471
41,82.0820820820821,159.79694074254996,0.0,540.5462613106517,0.0,899.6567979467985
42,84.0840840840841,160.95549095840335,0.0,539.1360054083277,0.0,899.9085036332691
43,86.0860860860861,162.08715118711544,0.0,537.7282943547403,0.0,900.1845544581444
44,88.0880880880881,163.1930207201649,0.0,536.3231556760448,0.0,900.4838236037904
45,90.0900900900901,164.27413368810866,0.0,534.9206163667924,0.0,900.805249945099
46,92.0920920920921,165.33146435547258,0.0,533.5207029224049,0.0,901.1478327221225
47,94.0940940940941,166.36593161593527,0.0,532.1234413680252,0.0,901.5106270160396
48,96.0960960960961,167.3784032526084,0.0,530.7288572857838,0.0,901.8927394616079
49,98.0980980980981,168.36969967194483,0.0,529.3369758393973,0.0,902.2933244886578
50,100.10010010010011,169.34059736194396,0.0,527.9478217970972,0.0,902.7115808409588
51,102.10210210210211,170.2918320073958,0.0,526.5614195527787,0.0,903.1467484398255
52,104.10410410410411,171.2241013357682,0.0,525.1777931454905,0.0,903.5981055187414
53,106.10610610610611,172.1380678315123,0.0,523.796966278016,0.0,904.0649658904717
54,108.10810810810811,173.0343608681008,0.0,522.4189623324621,0.0,904.5466767994371
55,110.11011011011011,173.91357867164476,0.0,521.0438043847977,0.0,905.0426169435574
56,112.11211211211213,174.7762912692705,0.0,519.6715152238119,0.0,905.5521935069175
57,114.11411411411413,175.62304136759843,0.0,518.3021173598947,0.0,906.0748412725068
58,116.11611611611613,176.4543463068394,0.0,516.9356330386976,0.0,906.6100206544629
59,118.11811811811813,177.2707000148485,0.0,515.5720842545152,0.0,907.1572157306362
60,120.12012012012013,178.07257375897356,0.0,514.2114927577057,0.0,907.7159334833207
61,122.12212212212214,178.86041801690968,0.0,512.8538800674587,0.0,908.2857019156316
62,124.12412412412414,179.63466354901402,0.0,511.4992674802544,0.0,908.8660689707316
63,126.12612612612614,180.39572231223192,0.0,510.1476760773307,0.0,909.4566016104375
64,128.12812812812814,181.14398892784686,0.0,508.799126735023,0.0,910.0568843371302
65,130.13013013013014,181.87984132463328,0.0,507.45364013041365,0.0,910.6665185449531
66,132.13213213213214,182.60364172746895,0.0,506.1112367487522,0.0,911.2851215237788
67,134.13413413413414,183.31573768957307,0.0,504.77193689097214,0.0,911.9123254194548
68,136.13613613613614,184.01646260188267,0.0,503.435760678197,0.0,912.5477767199203
69,138.13813813813815,184.7061366376844,0.0,502.10272805860455,0.0,913.1911353037109
70,140.14014014014015,185.38506739889078,0.0,500.7728588124339,0.0,913.8420737886752
71,142.14214214214215,186.05355046902474,0.0,499.4461725563336,0.0,914.5002769746416
72,144.14414414414415,186.7118702397401,0.0,498.1226887492659,0.0,915.165441010994
73,146.14614614614615,187.36030021076303,0.0,496.8024266951272,0.0,915.8372730941097
74,148.14814814814815,187.99910347467832,0.0,495.4854055463908,0.0,916.5154909789309
75,150.15015015015015,188.62853344045894,0.0,494.17164430921844,0.0,917.1998222503225
76,152.15215215215215,189.24883454233844,0.0,492.8611618484129,0.0,917.8900036092485
77,154.15415415415416,189.86024211673637,0.0,491.55397688693085,0.0,918.5857809963327
78,156.15615615615616,190.4629829682864,0.0,490.2501080097648,0.0,919.2869090219486
79,158.15815815815816,191.05727607257703,0.0,488.94957366858876,0.0,919.9931502588341
80,160.16016016016016,191.6433327235183,0.0,487.6523921828093,0.0,920.7042750936722
81,162.1621621621622,192.22135675615294,0.0,486.35858174101594,0.0,921.420061502831
82,164.1641641641642,192.79154497010023,0.0,485.06816040368324,0.0,922.1402946262162
83,166.1661661661662,193.35408767627644,0.0,483.7811461067528,0.0,922.8647662169706
84,168.1681681681682,193.9091686686231,0.0,482.4975566610671,0.0,923.5932746703096
85,170.1701701701702,194.4569655444916,0.0,481.2174097542344,0.0,924.3256247012737
86,172.1721721721722,194.9976500943676,0.0,479.94072295299947,0.0,925.0616269526325
87,174.1741741741742,195.53138856054332,0.0,478.6675137045893,0.0,925.8010977348671
88,176.1761761761762,196.05834171095458,0.0,477.3977993366206,0.0,926.5438589524244
89,178.1781781781782,196.57866511333137,0.0,476.1315970584744,0.0,927.2897378281939
90,180.1801801801802,197.09250948090545,0.0,474.86892396313334,0.0,928.0385665559609
91,182.1821821821822,197.60002074500926,0.0,473.6097970269734,0.0,928.790182228017
92,184.1841841841842,198.10134022626244,0.0,472.3542331102309,0.0,929.5444266635063
93,186.1861861861862,198.59660486020684,0.0,471.10224895786376,0.0,930.3011461819291
94,188.1881881881882,199.08594744357399,0.0,469.8538612005681,0.0,931.0601913558576
95,190.1901901901902,199.56949667031864,0.0,468.6090863540285,0.0,931.8214169756526
96,192.1921921921922,200.04737731418226,0.0,467.3679408193435,0.0,932.5846818664739
97,194.1941941941942,200.51971047509738,0.0,466.1304408839513,0.0,933.349848640951
98,196.1961961961962,200.9866136488569,0.0,464.8966027210552,0.0,934.1167836300875
99,198.1981981981982,201.44820079597542,0.0,463.66644238901193,0.0,934.8853568150123
100,200.20020020020021,201.90458248601317,0.0,462.4399758313124,0.0,935.6554416826741
101,202.20220220220222,202.35586601011354,0.0,461.21721887627643,0.0,936.4269151136097
102,204.20420420420422,202.80215577031447,0.0,459.998187239201,0.0,937.1996569904842
103,206.20620620620622,203.24355315168586,0.0,458.7828965198509,0.0,937.9735503284629
104,208.20820820820822,203.6801565675157,0.0,457.5713622014741,0.0,938.7484812310098
105,210.21021021021022,204.11206161350194,0.0,456.36359965076826,0.0,939.5243387357294
106,212.21221221221222,204.53936116740127,0.0,455.15962411733403,0.0,940.3010147152644
107,214.21421421421422,204.96214566955223,0.0,453.9594507347304,0.0,941.0784035957171
108,216.21621621621622,205.38050300761057,0.0,452.76309451794464,0.0,941.8564024744444
109,218.21821821821823,205.79451860108324,0.0,451.57057036263467,0.0,942.6349110362818
110,220.22022022022023,206.20427550452735,0.0,450.3818930445142,0.0,943.4138314509581
111,222.22222222222223,206.6098544980334,0.0,449.197077218634,0.0,944.1930682833323
112,224.22422422422426,207.01133430433705,0.0,448.0161374199647,0.0,944.972528275698
113,226.22622622622626,207.40879147887154,0.0,446.83908806055854,0.0,945.7521204605697
114,228.22822822822826,207.8023005048961,0.0,445.66594342882826,0.0,946.5317560662753
115,230.23023023023026,208.19193386900588,0.0,444.49671768860657,0.0,947.3113484423873
116,232.23223223223226,208.57776214304803,0.0,443.3314248782938,0.0,948.0908129786579
117,234.23423423423426,208.95985413679995,0.0,442.1700789108335,0.0,948.8700669523663
118,236.23623623623627,209.33827681833282,0.0,441.0126935709282,0.0,949.6490296107388
119,238.23823823823827,209.71309540299643,0.0,439.8592825142398,0.0,950.4276220827635
120,240.24024024024027,210.08437340929015,0.0,438.70985926618897,0.0,951.2057673245206
121,242.24224224224227,210.45217273299778,0.0,437.5644372209649,0.0,951.983390046037
122,244.24424424424427,210.8165537507801,0.0,436.42302964088117,0.0,952.7604166083385
123,246.24624624624627,211.17757526885538,0.0,435.2856496538566,0.0,953.5367750772878
124,248.24824824824827,211.53529459932813,0.0,434.1523102524238,0.0,954.3123951482478
125,250.25025025025028,211.8897676031847,0.0,433.02302429232606,0.0,955.0872081044889
126,252.25225225225228,212.24104875854073,0.0,431.89780449149436,0.0,955.8611467499645
127,254.25425425425428,212.5891912284626,0.0,430.7766634290162,0.0,956.6341453425208
128,256.2562562562563,212.9342468311816,0.0,429.6596135426541,0.0,957.406139626164
129,258.2582582582583,213.27626610332106,0.0,428.54666712774184,0.0,958.1770667689367
130,260.2602602602603,213.61529833441222,0.0,427.43783633565346,0.0,958.946865329934
131,262.2622622622623,213.9513916436107,0.0,426.3331331729749,0.0,959.7154751834141
132,264.2642642642643,214.28459300942598,0.0,425.232569499898,0.0,960.4828374906757
133,266.2662662662663,214.61494823812856,0.0,424.13615702759654,0.0,961.2488947342746
134,268.2682682682683,214.942502024788,0.0,423.0439073171434,0.0,962.0135906580682
135,270.2702702702703,215.26729797983523,0.0,421.95583177785653,0.0,962.776870242308
136,272.2722722722723,215.5893786536841,0.0,420.8719416656143,0.0,963.5386796807013
137,274.2742742742743,215.90878557600396,0.0,419.79224808145324,0.0,964.2989663425425
138,276.2762762762763,216.22555943943098,0.0,418.7167619728934,0.0,965.0576785876752
139,278.2782782782783,216.5397399292232,0.0,417.6454941285976,0.0,965.8147659421788
140,280.2802802802803,216.85136576843857,0.0,416.5784551770985,0.0,966.5701790544626
141,282.2822822822823,217.16047476996604,0.0,415.5156555856599,0.0,967.3238696443738
142,284.2842842842843,217.46710385774105,0.0,414.4571056585646,0.0,968.0757904836939
143,286.2862862862863,217.77128908655143,0.0,413.40281553538074,0.0,968.8258953780675
144,288.2882882882883,218.07306571151932,0.0,412.3527951903918,0.0,969.5741390980885
145,290.29029029029033,218.3724682513182,0.0,411.30705443189396,0.0,970.3204773167874
146,292.2922922922923,218.6695303765424,0.0,410.26560289745214,0.0,971.0648667260051
147,294.29429429429433,218.96428498586693,0.0,409.22845005352144,0.0,971.8072649606113
148,296.2962962962963,219.25676422563592,0.0,408.19560519376915,0.0,972.5476305805946
149,298.29829829829833,219.54699950669396,0.0,407.1670774373449,0.0,973.2859230559608
150,300.3003003003003,219.83502152365642,0.0,406.14287572724356,0.0,974.0221027490995
151,302.30230230230234,220.12086035200886,0.0,405.123008831016,0.0,974.7561308169747
152,304.3043043043043,220.4045453867905,0.0,404.10748533675905,0.0,975.48796927645
153,306.30630630630634,220.68610534578897,0.0,403.0963136510549,0.0,976.2175810031557
154,308.3083083083083,220.9655683073934,0.0,402.0895019979675,0.0,976.9449296946387
155,310.31031031031034,221.2429617251016,0.0,401.0870584173593,0.0,977.6699798575387
156,312.3123123123123,221.51831244121016,0.0,400.088990763203,0.0,978.3926967955864
157,314.31431431431434,221.79164671899906,0.0,399.09530670266105,0.0,979.1130465783394
158,316.3163163163163,222.0629902992364,0.0,398.1060137161649,0.0,979.8309959845982
159,318.31831831831835,222.3323683311087,0.0,397.12111909249944,0.0,980.5465125763914
160,320.3203203203203,222.59980541472922,0.0,396.1406299283776,0.0,981.2595646568927
161,322.32232232232235,222.86532561673937,0.0,395.16455312696684,0.0,981.9701212562933
162,324.3243243243244,223.12895248216387,0.0,394.19289539629307,0.0,982.6781521215426
163,326.32632632632635,223.39070904601343,0.0,393.2256632476657,0.0,983.3836277063205
164,328.3283283283284,223.65061788167014,0.0,392.2628629959748,0.0,984.0865191223546
165,330.33033033033036,223.9087010888559,0.0,391.304500757003,0.0,984.7867981541406
166,332.3323323323324,224.16498028304076,0.0,390.3505824448434,0.0,985.4844372721154
167,334.33433433433436,224.41947662215577,0.0,389.40111377121514,0.0,986.1794096066286
168,336.3363363363364,224.67221081679418,0.0,388.45610024398803,0.0,986.8716889392173
169,338.33833833833836,224.92320313991794,0.0,387.51554716571604,0.0,987.5612496943655
170,340.3403403403404,225.1724734427137,0.0,386.5794596326116,0.0,988.2480669246743
171,342.34234234234236,225.42004119448958,0.0,385.64784253512136,0.0,988.9321162703886
172,344.3443443443444,225.66592544626928,0.0,384.7207005535905,0.0,989.6133740001397
173,346.34634634634637,225.9101448519422,0.0,383.7980381577039,0.0,990.2918169903535
174,348.3483483483484,226.15271768067603,0.0,382.8798596054019,0.0,990.9674227139217
175,350.35035035035037,226.39366182535395,0.0,381.9661689415792,0.0,991.6401692330664
176,352.3523523523524,226.63299481062197,0.0,381.05696999679924,0.0,992.3100351925784
177,354.35435435435437,226.8707338262223,0.0,380.15226638812436,0.0,992.9769997856529
178,356.3563563563564,227.10689572753301,0.0,379.2520615173119,0.0,993.6410427551546
179,358.3583583583584,227.34149700911328,0.0,378.3563585668524,0.0,994.3021444240338
180,360.3603603603604,227.57455383215475,0.0,377.4651605004613,0.0,994.9602856673836
181,362.3623623623624,227.8060820313553,0.0,376.5784700619372,0.0,995.6154479067071
182,364.3643643643644,228.03609712143202,0.0,375.69628977403784,0.0,996.2676131045297
183,366.3663663663664,228.2646143032827,0.0,374.8186219373755,0.0,996.9167637593414
184,368.3683683683684,228.4916484697956,0.0,373.94546862933134,0.0,997.5628829008726
185,370.3703703703704,228.71721421290218,0.0,373.0768317031345,0.0,998.2059540839629
186,372.3723723723724,228.94132591102385,0.0,372.2127127943445,0.0,998.8459612946311
187,374.3743743743744,229.16399765915895,0.0,371.3531133129946,0.0,999.4828890278459
188,376.3763763763764,229.38524324489148,0.0,370.49803443998576,0.0,1000.1167223151223
189,378.3783783783784,229.60507618777774,0.0,369.64747712932757,0.0,1000.7474466828942
190,380.3803803803804,229.8235097449085,0.0,368.80144210733744,0.0,1001.3750481477535
191,382.3823823823824,230.04055691621144,0.0,367.959929871867,0.0,1001.999513211921
192,384.3843843843844,230.2562304494936,0.0,367.1229406915562,0.0,1002.6208288589497
193,386.38638638638645,230.47054284522406,0.0,366.2904746051146,0.0,1003.2389825496608
194,388.3883883883884,230.6835063658978,0.0,365.46253142119673,0.0,1003.8539622129051
195,390.39039039039045,230.89513309825614,0.0,364.6391107245183,0.0,1004.4657561772252
196,392.3923923923924,231.10543488239458,0.0,363.8202118664588,0.0,1005.0743532511462
197,394.39439439439445,231.31442332365515,0.0,363.00583396540605,0.0,1005.6797427109384
198,396.3963963963964,231.52210981092497,0.0,362.19597590790795,0.0,1006.2819142811667
199,398.39839839839846,231.728505521094,0.0,361.3906363482631,0.0,1006.8808581306425
200,400.40040040040043,231.93362142331296,0.0,360.58981370814604,0.0,1007.4765648685407
201,402.40240240240246,232.1374682830519,0.0,359.79350617626665,0.0,1008.0690255406811
202,404.40440440440443,232.34005666595905,0.0,359.0017117080646,0.0,1008.658231625976
203,406.40640640640646,232.54139695065078,0.0,358.21442802664535,0.0,1009.2441750227035
204,408.40840840840843,232.74149937242717,0.0,357.43165262786886,0.0,1009.8268479997035
205,410.41041041041046,232.9403739584153,0.0,356.65338277113636,0.0,1010.4062432704479
206,412.41241241241244,233.13803055158357,0.0,355.8796154819945,0.0,1010.9823539664216
207,414.41441441441447,233.33447882008406,0.0,355.11034755285925,0.0,1011.5551736270563
208,416.41641641641644,233.52972826089098,0.0,354.34557554304655,0.0,1012.1246961960621
209,418.41841841841847,233.723788203287,0.0,353.5852957788432,0.0,1012.6909160178693
210,420.42042042042044,233.91666781219703,0.0,352.8295043536195,0.0,1013.2538278341831
211,422.42242242242247,234.10837609136973,0.0,352.07819712798107,0.0,1013.8134267806488
212,424.42442442442444,234.29892189883924,0.0,351.3313697316967,0.0,1014.3697083694638
213,426.4264264264265,234.48831396881815,0.0,350.5890175665828,0.0,1014.9226684645987
214,428.42842842842845,234.6765608665784,0.0,349.851135800109,0.0,1015.4723033333123
215,430.4304304304305,234.86367101176796,0.0,349.1177193686056,0.0,1016.0186096196261
216,432.43243243243245,235.04965268297326,0.0,348.3887629779194,0.0,1016.5615843391071
217,434.4344344344345,235.23451402070745,0.0,347.6642611039108,0.0,1017.1012248753814
218,436.43643643643645,235.41826303028068,0.0,346.9442079929978,0.0,1017.6375289767212
219,438.4384384384385,235.60090758455277,0.0,346.2285976627446,0.0,1018.1704947527023
220,440.44044044044045,235.78245542656802,0.0,345.5174239024964,0.0,1018.7001206709352
221,442.4424424424425,235.96291418616474,0.0,344.8106802757185,0.0,1019.2264055381163
222,444.44444444444446,236.1422913833999,0.0,344.1083601208434,0.0,1019.7493484957563
223,446.4464464464465,236.32059440547548,0.0,343.4104565490558,0.0,1020.2689490454683
224,448.4484484484485,236.4978305231779,0.0,342.7169624467911,0.0,1020.7852070300306
225,450.4504504504505,236.67400689350518,0.0,342.02787047666584,0.0,1021.2981226298285
226,452.4524524524525,236.84913056210186,0.0,341.34317307844543,0.0,1021.8076963594523
227,454.4544544544545,237.0232084656006,0.0,340.66286247006076,0.0,1022.3139290643383
228,456.4564564564565,237.19624743386998,0.0,339.9869306486721,0.0,1022.8168219174574
229,458.4584584584585,237.36825419229808,0.0,339.31536939178966,0.0,1023.3163764159119
230,460.4604604604605,237.5392353799848,0.0,338.64817025930665,0.0,1023.8125943607082
231,462.4624624624625,237.7091975397528,0.0,337.98532459406294,0.0,1024.305477866184
232,464.4644644644645,237.87814711066864,0.0,337.32682352259786,0.0,1024.7950293667332
233,466.4664664664665,238.04609043823967,0.0,336.6726579569119,0.0,1025.281251604848
234,468.46846846846853,238.21303377648874,0.0,336.02281859584264,0.0,1025.7641476276683
235,470.4704704704705,238.37898328995433,0.0,335.37729592649055,0.0,1026.2437207835546
236,472.47247247247253,238.54394505561623,0.0,334.7360802256938,0.0,1026.7199747186896
237,474.4744744744745,238.70792506474672,0.0,334.09916156155293,0.0,1027.1929133737
238,476.47647647647653,238.87092922587578,0.0,333.4665297949045,0.0,1027.662540979219
239,478.4784784784785,239.03296338662503,0.0,332.8381745792506,0.0,1028.1288620341238
240,480.48048048048054,239.19403330861041,0.0,332.21408536468067,0.0,1028.5918813267083
241,482.4824824824825,239.35414467011634,0.0,331.5942513994993,0.0,1029.0516039303839
242,484.48448448448454,239.5133030739441,0.0,330.9786617314624,0.0,1029.508035194593
243,486.4864864864865,239.67151404899928,0.0,330.36730520958275,0.0,1029.9611807414174
244,488.48848848848854,239.8287830518121,0.0,329.76017048598464,0.0,1030.4110464622026
245,490.4904904904905,239.98511546798983,0.0,329.1572460178077,0.0,1030.8576385142019
246,492.49249249249254,240.14051661360176,0.0,328.5585200691591,0.0,1031.3009633172385
247,494.4944944944945,240.29499173649683,0.0,327.963980713115,0.0,1031.7410275503876
248,496.49649649649655,240.4485460175536,0.0,327.3736158337706,0.0,1032.1778381486752
249,498.4984984984985,240.6011845718628,0.0,326.7874131283395,0.0,1032.6114022997972
250,500.50050050050055,240.75291245818394,0.0,326.20536010769337,0.0,1033.0417274341219
251,502.5025025025025,240.90373472418455,0.0,325.62744409004057,0.0,1033.4688211857742
252,504.50450450450455,241.05365632911654,0.0,325.0536522182656,0.0,1033.892691452617
253,506.5065065065065,241.20268216731634,0.0,324.4839714578696,0.0,1034.3133463748134
254,508.50850850850856,241.35081707735313,0.0,323.91838859771326,0.0,1034.730794324933
255,510.5105105105105,241.4980658432518,0.0,323.35689025232335,0.0,1035.145043904424
256,512.5125125125126,241.64443319566476,0.0,322.79946286424473,0.0,1035.5561039400898
257,514.5145145145145,241.78992381299335,0.0,322.2460927064382,0.0,1035.9639834805678
258,516.5165165165166,241.9345423224582,0.0,321.69676588472373,0.0,1036.3686917928173
259,518.5185185185186,242.07829330111895,0.0,321.1514683402698,0.0,1036.7702383586104
260,520.5205205205206,242.22118127684317,0.0,320.61018585212776,0.0,1037.1686328710284
261,522.5225225225225,242.36321072922453,0.0,320.0729040398124,0.0,1037.5638852309623
262,524.5245245245246,242.50438610156775,0.0,319.5396083592886,0.0,1037.9560055391428
263,526.5265265265266,242.644711820498,0.0,319.0102840944201,0.0,1038.3450040850812
264,528.5285285285286,242.7841922462511,0.0,318.4849163898304,0.0,1038.7308913639176
265,530.5305305305305,242.9228316951524,0.0,317.9634902406683,0.0,1039.1136780641784
266,532.5325325325326,243.06063444251086,0.0,317.4459904940852,0.0,1039.4933750634032
267,534.5345345345346,243.19760472352763,0.0,316.9324018519129,0.0,1039.8699934245587
268,536.5365365365366,243.33374673416554,0.0,316.4227088733805,0.0,1040.2435443924533
269,538.5385385385385,243.46906463197817,0.0,315.9168959778703,0.0,1040.6140393901508
270,540.5405405405406,243.60356253689972,0.0,315.414947447713,0.0,1040.9814900153865
271,542.5425425425426,243.73724453199472,0.0,314.91684743102184,0.0,1041.3459080369828
272,544.5445445445446,243.87011466416834,0.0,314.4225799445653,0.0,1041.7073053912657
273,546.5465465465466,244.0021769448367,0.0,313.93212887668005,0.0,1042.0656941784825
274,548.5485485485486,244.13343536568337,0.0,313.4454779743264,0.0,1042.4210866599894
275,550.5505505505506,244.26389389973252,0.0,312.96261084557227,0.0,1042.7734952546946
276,552.5525525525526,244.3935564710526,0.0,312.4835109950389,0.0,1043.122932533908
277,554.5545545545546,244.52242697287406,0.0,312.0081618084679,0.0,1043.4694112186573
278,556.5565565565566,244.6505092684836,0.0,311.5365465553843,0.0,1043.8129441761314
279,558.5585585585586,244.77780719189397,0.0,311.06864839199335,0.0,1044.153544416112
280,560.5605605605606,244.90432454848326,0.0,310.60445036410675,0.0,1044.4912250874092
281,562.5625625625626,245.03006511560287,0.0,310.1439354100984,0.0,1044.825999474298
282,564.5645645645646,245.15503264315473,0.0,309.6870863638905,0.0,1045.1578809929542
283,566.5665665665666,245.27923085413764,0.0,309.2338859579692,0.0,1045.4868831878925
284,568.5685685685686,245.4026634451626,0.0,308.78431682642986,0.0,1045.813019728407
285,570.5705705705706,245.52533408705295,0.0,308.3383615078658,0.0,1046.1363044050809
286,572.5725725725727,245.64724644256987,0.0,307.89600242064654,0.0,1046.4567511367832
287,574.5745745745746,245.7684041519734,0.0,307.45722188999616,0.0,1046.7743739580299
288,576.5765765765766,245.88881082301418,0.0,307.02200216791294,0.0,1047.0891870090725
289,578.5785785785787,246.00847004117276,0.0,306.5903254204485,0.0,1047.4012045383784
290,580.5805805805807,246.12738537016722,0.0,306.16217373064535,0.0,1047.710440899187
291,582.5825825825826,246.2455603524367,0.0,305.73752910149386,0.0,1048.016910546069
292,584.5845845845846,246.36299850960057,0.0,305.31637345890726,0.0,1048.3206280314917
293,586.5865865865867,246.4797033428936,0.0,304.8986886547166,0.0,1048.6216080023894
294,588.5885885885887,246.5956783335769,0.0,304.48445646968355,0.0,1048.919865196739
295,590.5905905905906,246.71092694332495,0.0,304.07365861653284,0.0,1049.2154144401418
296,592.5925925925926,246.8254526145881,0.0,303.666276743003,0.0,1049.5082706424084
297,594.5945945945947,246.9392587717588,0.0,303.2622924329019,0.0,1049.7984487953388
298,596.5965965965967,247.0523488353733,0.0,302.8616871753886,0.0,1050.0859639892376
299,598.5985985985986,247.1647262039278,0.0,302.46444241305346,0.0,1050.3708313830182
300,600.6006006006006,247.2763942549647,0.0,302.07053954304894,0.0,1050.653066201986
301,602.6026026026027,247.38735634969203,0.0,301.67995990957786,0.0,1050.9326837407298
302,604.6046046046047,247.49761583332779,0.0,301.29268480675023,0.0,1051.2096993599216
303,606.6066066066066,247.60717603542474,0.0,300.90869548144696,0.0,1051.484128483128
304,608.6086086086086,247.71604027017594,0.0,300.52797313619095,0.0,1051.7559865936328
305,610.6106106106107,247.8242118367007,0.0,300.1504989320257,0.0,1052.0252892312733
306,612.6126126126127,247.93169401931144,0.0,299.7762539914007,0.0,1052.2920519892873
307,614.6146146146147,248.03849008776106,0.0,299.4052194010643,0.0,1052.5562905111742
308,616.6166166166166,248.1446032974711,0.0,299.0373762149634,0.0,1052.818020487565
309,618.6186186186187,248.25003689017203,0.0,298.67270545599854,0.0,1053.0772576538288
310,620.6206206206207,248.35479411244256,0.0,298.3111880699718,0.0,1053.3340178175852
311,622.6226226226227,248.45887818380726,0.0,297.9528050140937,0.0,1053.5883168020985
312,624.6246246246246,248.56229231232155,0.0,297.5975372187249,0.0,1053.840170468953
313,626.6266266266267,248.66503969378334,0.0,297.24536559276663,0.0,1054.0895947134495
314,628.6286286286287,248.76712351196903,0.0,296.89627102627276,0.0,1054.3366054617577
315,630.6306306306307,248.86854693885192,0.0,296.55023439306456,0.0,1054.581218668083
316,632.6326326326326,248.96931313480232,0.0,296.20723655334956,0.0,1054.8234503118476
317,634.6346346346347,249.06942524877067,0.0,295.8672583563415,0.0,1055.0633163948874
318,636.6366366366367,249.16888641845335,0.0,295.5302806428823,0.0,1055.3008329386637
319,638.6386386386387,249.26769977044185,0.0,295.1962842480634,0.0,1055.536015981494
320,640.6406406406406,249.3658684203556,0.0,294.8652500038469,0.0,1055.768881575797
321,642.6426426426427,249.4633954766781,0.0,294.53715873066363,0.0,1055.9994457926578
322,644.6446446446447,249.56028404681462,0.0,294.2119912223795,0.0,1056.2277247308054
323,646.6466466466467,249.65653722028154,0.0,293.88972829897523,0.0,1056.4537344807427
324,648.6486486486488,249.75215807626395,0.0,293.5703507869709,0.0,1056.6774911367647
325,650.6506506506507,249.84714968441412,0.0,293.2538395198294,0.0,1056.8990107957559
326,652.6526526526527,249.94151510499057,0.0,292.9401753402653,0.0,1057.1183095547435
327,654.6546546546547,250.03525738898875,0.0,292.62933910253037,0.0,1057.3354035084803
328,656.6566566566568,250.12837957826366,0.0,292.3213116746743,0.0,1057.5503087470615
329,658.6586586586587,250.22088470564503,0.0,292.0160739407794,0.0,1057.763041353575
330,660.6606606606607,250.31277579504538,0.0,291.7136068031676,0.0,1057.9736174017864
331,662.6626626626627,250.40405586156174,0.0,291.4138911845788,0.0,1058.1820529538588
332,664.6646646646648,250.49472791157118,0.0,291.1169080303194,0.0,1058.388364058109
333,666.6666666666667,250.58479494282085,0.0,290.8226383103786,0.0,1058.5925667468
334,668.6686686686687,250.67425994451304,0.0,290.5310630215127,0.0,1058.7946770339738
335,670.6706706706707,250.76312589766036,0.0,290.24216318851734,0.0,1058.9947109138218
336,672.6726726726728,250.85139578266254,0.0,289.9559198450335,0.0,1059.1926843723033
337,674.6746746746747,250.93907257010554,0.0,289.6723140617474,0.0,1059.3886133681465
338,676.6766766766767,251.02615922011174,0.0,289.39132695036403,0.0,1059.5825138295236
339,678.6786786786787,251.1126586853214,0.0,289.11293965726605,0.0,1059.774401657412
340,680.6806806806808,251.19857391102602,0.0,288.8371333651789,0.0,1059.9642927237946
341,682.6826826826828,251.2839078353037,0.0,288.5638892947833,0.0,1060.1522028699123
342,684.6846846846847,251.36866338915743,0.0,288.2931887062734,0.0,1060.3381479045686
343,686.6866866866867,251.45284349665678,0.0,288.02501290085763,0.0,1060.522143602485
344,688.6886886886888,251.53645107508353,0.0,287.7593432222022,0.0,1060.7042057027138
345,690.6906906906908,251.61948903508187,0.0,287.4961610578147,0.0,1060.884349907103
346,692.6926926926927,251.70196028081386,0.0,287.23544784036625,0.0,1061.0625918788194
347,694.6946946946947,251.78386771012066,0.0,286.97718504895147,0.0,1061.2389472409272
348,696.6966966966968,251.86521421468981,0.0,286.72135421028275,0.0,1061.4134315750268
349,698.6986986986988,251.9460026802299,0.0,286.46793689981973,0.0,1061.58606041995
350,700.7007007007007,252.026235978976,0.0,286.2169147675276,0.0,1061.7568492534958
351,702.7027027027027,252.1059169627109,0.0,285.9682695619355,0.0,1061.9258134753532
352,704.7047047047048,252.18504849012766,0.0,285.72198304365776,0.0,1062.092968466214
353,706.7067067067068,252.26363341382802,0.0,285.47803702874404,0.0,1062.2583295574275
354,708.7087087087087,252.34167457970088,0.0,285.236413392153,0.0,1062.4219120281457
355,710.7107107107108,252.41917482698452,0.0,284.9970940689852,0.0,1062.5837311040298
356,712.7127127127128,252.49613698833045,0.0,284.76006105566756,0.0,1062.7438019560016
357,714.7147147147148,252.5725638898696,0.0,284.52529641108987,0.0,1062.90213969904
358,716.7167167167167,252.64845835128074,0.0,284.29278225769144,0.0,1063.0587593910273
359,718.7187187187188,252.7238231858619,0.0,284.06250078249747,0.0,1063.21367603164
360,720.7207207207208,252.79866120060507,0.0,283.8344342381044,0.0,1063.36690456129
361,722.7227227227228,252.87297519627404,0.0,283.6085649436131,0.0,1063.5184598601124
362,724.7247247247248,252.94676796748678,0.0,283.38487528550905,0.0,1063.6683567470036
363,726.7267267267268,253.02004230280144,0.0,283.1633477184889,0.0,1063.816609978709
364,728.7287287287288,253.0928009840106,0.0,282.9439647689419,0.0,1063.9632342470468
365,730.7307307307308,253.16504677313574,0.0,282.72670908022263,0.0,1064.108244146641
366,732.7327327327328,253.23678243056779,0.0,282.5115633519605,0.0,1064.251654217471
367,734.7347347347348,253.30801071405736,0.0,282.29851034445943,0.0,1064.3934789414825
368,736.7367367367368,253.37873437459743,0.0,282.08753289362886,0.0,1064.533732731773
369,738.7387387387388,253.44895615642469,0.0,281.8786139118698,0.0,1064.6724299317048
370,740.7407407407408,253.51867879702104,0.0,281.6717363889236,0.0,1064.8095848140547
371,742.7427427427428,253.58790502711534,0.0,281.46688339268286,0.0,1064.9452115802012
372,744.7447447447448,253.6566375706856,0.0,281.264038069965,0.0,1065.0793243593487
373,746.7467467467468,253.72487914496173,0.0,281.0631836472471,0.0,1065.2119372077905
374,748.7487487487488,253.79263246042933,0.0,280.8643034313626,0.0,1065.3430641082075
375,750.7507507507509,253.85990022083422,0.0,280.6673808101589,0.0,1065.4727189690063
376,752.7527527527528,253.92668512318824,0.0,280.47239925311624,0.0,1065.6009156236948
377,754.7547547547548,253.99298985777668,0.0,280.279342311927,0.0,1065.7276678302956
378,756.7567567567568,254.05881710816686,0.0,280.08819362103515,0.0,1065.8529892707973
379,758.7587587587589,254.12416954851932,0.0,279.8989369098567,0.0,1065.9768935416234
380,760.7607607607608,254.18904984251648,0.0,279.7115560079439,0.0,1066.099394149539
381,762.7627627627628,254.25346065069863,0.0,279.5260348136168,0.0,1066.220504535684
382,764.7647647647648,254.3174046265806,0.0,279.3423573112744,0.0,1066.3402380621444
383,766.7667667667669,254.38088441651948,0.0,279.16050757239054,0.0,1066.4586080110894
384,768.7687687687688,254.44390265968735,0.0,278.9804697560225,0.0,1066.5756275842896
385,770.7707707707708,254.50646198804438,0.0,278.80222810929,0.0,1066.691309902665
386,772.7727727727729,254.56856502631203,0.0,278.62576696782423,0.0,1066.805668005863
387,774.7747747747749,254.63021439194674,0.0,278.4510707561866,0.0,1066.918714851866
388,776.7767767767768,254.69141269511383,0.0,278.2781239882581,0.0,1067.0304633166274
389,778.7787787787788,254.75216253866245,0.0,278.1069112675983,0.0,1067.1409261937386
390,780.7807807807809,254.8124665181008,0.0,277.93741728777485,0.0,1067.2501161941238
391,782.7827827827829,254.87232722157236,0.0,277.7696268326626,0.0,1067.3580459457644
392,784.7847847847848,254.9317472298332,0.0,277.6035247767129,0.0,1067.4647279934532
393,786.7867867867868,254.9907291160112,0.0,277.4390960865406,0.0,1067.5701747974474
394,788.7887887887889,255.04927544323144,0.0,277.27632583561444,0.0,1067.6743987211535
395,790.7907907907909,255.1073887681665,0.0,277.1151991824782,0.0,1067.7774120493546
396,792.7927927927929,255.16507164043867,0.0,276.9557013744671,0.0,1067.8792269850935
397,794.7947947947948,255.2223266019673,0.0,276.7978177517436,0.0,1067.9798556462883
398,796.7967967967969,255.27915618693234,0.0,276.6415337475192,0.0,1068.0793100655478
399,798.7987987987989,255.33556292173924,0.0,276.4868348882533,0.0,1068.1776021900066
400,800.8008008008009,255.39154932498374,0.0,276.3337067938302,0.0,1068.2747438811855
401,802.8028028028028,255.44711790741798,0.0,276.182135177713,0.0,1068.3707469148683
402,804.8048048048049,255.50227117191702,0.0,276.0321058470773,0.0,1068.465622981005
403,806.8068068068069,255.55701161344652,0.0,275.88360470292076,0.0,1068.559383683632
404,808.8088088088089,255.61134171903137,0.0,275.7366177401535,0.0,1068.6520405408144
405,810.8108108108108,255.66526396772534,0.0,275.591131047665,0.0,1068.743604984609
406,812.8128128128129,255.71878083058186,0.0,275.447130808371,0.0,1068.8340883610465
407,814.8148148148149,255.77189477062635,0.0,275.30460329923926,0.0,1068.9235019301336
408,816.8168168168169,255.8246082418384,0.0,275.16353489445135,0.0,1069.0118568637095
409,818.8188188188188,255.87692368915845,0.0,275.0239120652866,0.0,1069.0991642455542
410,820.8208208208209,255.928843550466,0.0,274.8857213737063,0.0,1069.185435075827
411,822.8228228228229,255.98037025538085,0.0,274.7489494760472,0.0,1069.2706802685711
412,824.8248248248249,256.03150622521576,0.0,274.6135831230302,0.0,1069.3549106517532
413,826.8268268268268,256.0822538729425,0.0,274.479609159713,0.0,1069.4381369673438
414,828.8288288288289,256.13261560315897,0.0,274.3470145254248,0.0,1069.5203698714154
415,830.8308308308309,256.18259381205746,0.0,274.2157862536853,0.0,1069.6016199342566
416,832.8328328328329,256.23219088739376,0.0,274.0859114721059,0.0,1069.6818976404995
417,834.834834834835,256.28140920845783,0.0,273.9573774022761,0.0,1069.7612133892653
418,836.8368368368369,256.33025114604555,0.0,273.8301713596324,0.0,1069.8395774943212
419,838.8388388388389,256.3787190624318,0.0,273.7042807533127,0.0,1069.917000184255
420,840.8408408408409,256.42681531134497,0.0,273.57969308599417,0.0,1069.9934916026602
421,842.842842842843,256.47454223794307,0.0,273.45639595371676,0.0,1070.0690618083395
422,844.8448448448449,256.5219021785775,0.0,273.33437704628113,0.0,1070.1437207751405
423,846.8468468468469,256.5688974592031,0.0,273.213624151373,0.0,1070.2174783894231
424,848.8488488488489,256.6155303979723,0.0,273.0941251471283,0.0,1070.2903444548986
425,850.850850850851,256.6618033045918,0.0,272.9758680036253,0.0,1070.362328691782
426,852.852852852853,256.70771847994934,0.0,272.85884078362164,0.0,1070.4334407364283
427,854.8548548548549,256.7532782160851,0.0,272.74303164233265,0.0,1070.5036901415815
428,856.8568568568569,256.79848479616425,0.0,272.62842882719735,0.0,1070.5730863766378
429,858.858858858859,256.8433404944503,0.0,272.5150206776348,0.0,1070.6416388279142
430,860.860860860861,256.88784757628,0.0,272.402795624789,0.0,1070.7093567989302
431,862.8628628628629,256.9320082980394,0.0,272.291742191264,0.0,1070.7762495106958
432,864.8648648648649,256.9758249071407,0.0,272.1818489908487,0.0,1070.8423261020098
433,866.866866866867,257.0192996420012,0.0,272.0731047282326,0.0,1070.9075956297654
434,868.868868868869,257.062434732023,0.0,271.9654981987115,0.0,1070.9720670692648
435,870.8708708708709,257.10523239757447,0.0,271.85901828788474,0.0,1071.03574931454
436,872.8728728728729,257.14769484997277,0.0,271.7536539713437,0.0,1071.0986511786828
437,874.874874874875,257.1898242902046,0.0,271.6493943147058,0.0,1071.160781395089
438,876.876876876877,257.2316229095366,0.0,271.5462284731111,0.0,1071.2221486173516
439,878.8788788788789,257.27309289129965,0.0,271.4441456903835,0.0,1071.2827614183163
440,880.8808808808809,257.3142364096273,0.0,271.3431352990373,0.0,1071.342628291335
441,882.882882882883,257.35505562943746,0.0,271.24318671992955,0.0,1071.4017576506324
442,884.884884884885,257.39555270641665,0.0,271.14428946190503,0.0,1071.4601578316776
443,886.8868868868869,257.4357297870066,0.0,271.04643312143463,0.0,1071.5178370915582
444,888.8888888888889,257.4755890083918,0.0,270.94960738224745,0.0,1071.57480360936
445,890.890890890891,257.51513249848836,0.0,270.85380201495775,0.0,1071.6310654865533
446,892.892892892893,257.5543623759349,0.0,270.7590068766857,0.0,1071.6866307473788
447,894.894894894895,257.59328075008466,0.0,270.66521191067335,0.0,1071.7415073392415
448,896.896896896897,257.6318897209994,0.0,270.5724071458955,0.0,1071.7957031331046
449,898.898898898899,257.670191379445,0.0,270.48058269666654,0.0,1071.8492259238878
450,900.900900900901,257.70818780688836,0.0,270.38972876224216,0.0,1071.902083430869
451,902.902902902903,257.74588107549664,0.0,270.2998356264181,0.0,1071.9542832980846
452,904.904904904905,257.78327324813756,0.0,270.21089365712453,0.0,1072.0058330947372
453,906.906906906907,257.8203663783823,0.0,270.12289330601766,0.0,1072.0567403155994
454,908.908908908909,257.8571625105094,0.0,270.03582510806797,0.0,1072.107012381422
455,910.910910910911,257.89366367933263,0.0,269.9496796809929,0.0,1072.1566566396739
456,912.912912912913,257.92987190513423,0.0,269.8644477204924,0.0,1072.2056803743728
457,914.914914914915,257.9657892003362,0.0,269.7801200055371,0.0,1072.2540907941261
458,916.916916916917,258.0014175699247,0.0,269.69668739830206,0.0,1072.3018950317726
459,918.918918918919,258.03675900936724,0.0,269.6141408419475,0.0,1072.3491001486848
460,920.920920920921,258.07181550460706,0.0,269.5324713601777,0.0,1072.3957131352147
461,922.922922922923,258.10658903205956,0.0,269.4516700567984,0.0,1072.4417409111416
462,924.924924924925,258.14108155860924,0.0,269.37172811527245,0.0,1072.4871903261178
463,926.926926926927,258.1752950416083,0.0,269.29263679827517,0.0,1072.532068160116
464,928.928928928929,258.20923142887625,0.0,269.214387447248,0.0,1072.5763811238753
465,930.930930930931,258.2428926587007,0.0,269.1369714819528,0.0,1072.620135859346
466,932.932932932933,258.2762806598396,0.0,269.0603804000253,0.0,1072.6633389401345
467,934.934934934935,258.3093973515246,0.0,268.9846057765289,0.0,1072.705996871946
468,936.9369369369371,258.3422446434657,0.0,268.90963926350906,0.0,1072.7481160930247
469,938.938938938939,258.37482443585736,0.0,268.8354725895485,0.0,1072.7897029745936
470,940.940940940941,258.4071386193857,0.0,268.762097559323,0.0,1072.8307638212907
471,942.942942942943,258.43918907523744,0.0,268.68950605315945,0.0,1072.8713048716024
472,944.9449449449451,258.47097767510957,0.0,268.6176900265945,0.0,1072.9113322982953
473,946.946946946947,258.50250628122114,0.0,268.5466415099359,0.0,1072.9508522088424
474,948.948948948949,258.53377674581975,0.0,268.4763526056132,0.0,1072.9898706485665
475,950.950950950951,258.5647909084847,0.0,268.40681547588787,0.0,1073.0283936156268
476,952.9529529529531,258.5955506013483,0.0,268.3380223651844,0.0,1073.0664270334667
477,954.954954954955,258.6260576475277,0.0,268.26996559273044,0.0,1073.1039767597413
478,956.956956956957,258.6563138605754,0.0,268.2026375496467,0.0,1073.1410485897773
479,958.958958958959,258.68632104448636,0.0,268.13603069847045,0.0,1073.1776482570426
480,960.9609609609611,258.7160809937069,0.0,268.0701375726815,0.0,1073.2137814336108
481,962.962962962963,258.7455954931439,0.0,268.0049507762295,0.0,1073.2494537306259
482,964.964964964965,258.77486631817555,0.0,267.94046298306336,0.0,1073.2846706987605
483,966.9669669669671,258.80389523466255,0.0,267.87666693666307,0.0,1073.3194378286737
484,968.9689689689691,258.8326839989607,0.0,267.81355544957455,0.0,1073.3537605514641
485,970.970970970971,258.86123435793434,0.0,267.7511214029464,0.0,1073.3876442391186
486,972.972972972973,258.8895480489709,0.0,267.68935774607064,0.0,1073.4210942049579
487,974.9749749749751,258.9176267999962,0.0,267.6282574959262,0.0,1073.454115704077
488,976.9769769769771,258.94547232949105,0.0,267.5678137367266,0.0,1073.4867139337816
489,978.9789789789791,258.97308634650904,0.0,267.5080196194704,0.0,1073.51889403402
490,980.980980980981,259.00047055069456,0.0,267.4488683614971,0.0,1073.5506610878076
491,982.9829829829831,259.02762663230305,0.0,267.3903532460463,0.0,1073.58202012165
492,984.9849849849851,259.0545562722213,0.0,267.3324676218218,0.0,1073.6129761059562
493,986.9869869869871,259.0812611410918,0.0,267.2752048960556,0.0,1073.643533962852
494,988.988988988989,259.1077428984176,0.0,267.21855852742954,0.0,1073.6736985741522
495,990.9909909909911,259.13400319611725,0.0,267.16252205124516,0.0,1073.703474752637
496,992.9929929929931,259.16004367682604,0.0,267.10708906651485,0.0,1073.7328672566584
497,994.9949949949951,259.1858659738068,0.0,267.0522532347182,0.0,1073.7618807914744
498,996.996996996997,259.2114717109678,0.0,266.99800827933075,0.0,1073.790520009701
499,998.9989989989991,259.2368625028814,0.0,266.94434798535696,0.0,1073.818789511761
500,1001.0010010010011,259.26203995480336,0.0,266.8912661988658,0.0,1073.8466938463303
501,1003.0030030030031,259.2870056626925,0.0,266.8387568265308,0.0,1073.874237510776
502,1005.005005005005,259.3117612132318,0.0,266.7868138351737,0.0,1073.901424951594
503,1007.0070070070071,259.3363081838498,0.0,266.735431251312,0.0,1073.9282605648377
504,1009.0090090090091,259.36064814274226,0.0,266.6846031607114,0.0,1073.9547486965457
505,1011.0110110110111,259.3847826488953,0.0,266.634323707942,0.0,1073.9808936431623
506,1013.013013013013,259.4087132521089,0.0,266.5845870959397,0.0,1074.0066996519508
507,1015.0150150150151,259.4324414930209,0.0,266.5353875855723,0.0,1074.032170921406
508,1017.0170170170171,259.4559689031322,0.0,266.4867194952107,0.0,1074.0573116016565
509,1019.0190190190191,259.479297004832,0.0,266.43857720030496,0.0,1074.0821257948623
510,1021.021021021021,259.50242731142436,0.0,266.3909551329665,0.0,1074.1066175556086
511,1023.0230230230231,259.5253613271551,0.0,266.3438477815553,0.0,1074.130790891289
512,1025.0250250250251,259.54810054612096,0.0,266.2972496783481,0.0,1074.1546497755303
513,1027.027027027027,259.57064645302006,0.0,266.25115540683635,0.0,1074.178198140143
514,1029.029029029029,259.593000524477,0.0,266.205559615147,0.0,1074.2014398603753
515,1031.031031031031,259.61516422809507,0.0,266.1604570052326,0.0,1074.2243787666716
516,1033.0330330330332,259.6371390224807,0.0,266.1158423324242,0.0,1074.2470186450944
517,1035.0350350350352,259.6589263572683,0.0,266.07171040498974,0.0,1074.2693632377413
518,1037.0370370370372,259.6805276731454,0.0,266.02805608369573,0.0,1074.2914162431582
519,1039.0390390390392,259.70194440187873,0.0,265.98487428137304,0.0,1074.3131813167474
520,1041.0410410410411,259.72317796634013,0.0,265.9421599624875,0.0,1074.3346620711716
521,1043.043043043043,259.74422978053326,0.0,265.89990814271425,0.0,1074.355862076752
522,1045.045045045045,259.7651012496202,0.0,265.85811388851715,0.0,1074.376784861862
523,1047.047047047047,259.78579376994935,0.0,265.81677231673257,0.0,1074.3974339133174
524,1049.0490490490492,259.80630872908273,0.0,265.7758785941581,0.0,1074.4178126767586
525,1051.0510510510512,259.8266475058242,0.0,265.73542793714614,0.0,1074.437924557029
526,1053.0530530530532,259.8468114702481,0.0,265.6954156112025,0.0,1074.4577729185487
527,1055.0550550550552,259.86680198372795,0.0,265.65583693059045,0.0,1074.477361085681
528,1057.0570570570571,259.8866203989659,0.0,265.61668725793976,0.0,1074.4966923430936
529,1059.059059059059,259.9062680600221,0.0,265.5779620038613,0.0,1074.515769936116
530,1061.061061061061,259.9257463023366,0.0,265.53965662595556,0.0,1074.5345970717071
531,1063.063063063063,259.94505645258096,0.0,265.5017666152074,0.0,1074.553176932211
532,1065.0650650650653,259.9641998289362,0.0,265.46428751393915,0.0,1074.571512657124
533,1067.0670670670672,259.9831777411211,0.0,265.4272149152365,0.0,1074.5896073436418
534,1069.0690690690692,260.0019914903559,0.0,265.3905444576094,0.0,1074.607464052034
535,1071.0710710710712,260.0206423693937,0.0,265.3542718245874,0.0,1074.6250858060182
536,1073.0730730730731,260.0391316625513,0.0,265.3183927443187,0.0,1074.6424755931293
537,1075.0750750750751,260.0574606457408,0.0,265.2829029891737,0.0,1074.659636365085
538,1077.077077077077,260.0756305865013,0.0,265.2477983753519,0.0,1074.6765710381462
539,1079.079079079079,260.0936427440313,0.0,265.21307476249376,0.0,1074.6932824934743
540,1081.0810810810813,260.1114983692204,0.0,265.1787280532961,0.0,1074.7097735774828
541,1083.0830830830832,260.1291987046824,0.0,265.1447541931326,0.0,1074.7260471021843
542,1085.0850850850852,260.14674498478774,0.0,265.1111491696783,0.0,1074.7421058455334
543,1087.0870870870872,260.1641384356969,0.0,265.0779090125386,0.0,1074.757952551764
544,1089.0890890890892,260.1813802753932,0.0,265.045029792883,0.0,1074.773589931723
545,1091.0910910910911,260.198471713717,0.0,265.0125076230835,0.0,1074.789020663199
546,1093.093093093093,260.2154139523988,0.0,264.98033865635796,0.0,1074.8042473912426
547,1095.0950950950953,260.2322081850937,0.0,264.94851908641795,0.0,1074.8192727284877
548,1097.0970970970973,260.24885559741523,0.0,264.91704514712166,0.0,1074.8340992554624
549,1099.0990990990992,260.26535736691187,0.0,264.8859131102473,0.0,1074.8487295228401
550,1101.1011011011012,260.28171466284095,0.0,264.85511927672883,0.0,1074.8631660604296
551,1103.1031031031032,260.2979286467311,0.0,264.82465999339513,0.0,1074.8774113598731
552,1105.1051051051052,260.31400047224196,0.0,264.79453164697617,0.0,1074.8914678807812
553,1107.1071071071071,260.32993128514926,0.0,264.7647306621514,0.0,1074.9053380526987
554,1109.109109109109,260.34572222337846,0.0,264.7352535011933,0.0,1074.9190242754275
555,1111.1111111111113,260.3613744170393,0.0,264.706096663614,0.0,1074.932528919346
556,1113.1131131131133,260.3768889884601,0.0,264.6772566858166,0.0,1074.9458543257226
557,1115.1151151151153,260.3922670522219,0.0,264.64873014074936,0.0,1074.9590028070281
558,1117.1171171171172,260.40750971519304,0.0,264.6205136375645,0.0,1074.971976647242
559,1119.1191191191192,260.4226180765639,0.0,264.59260382128053,0.0,1074.984778102155
560,1121.1211211211212,260.43759322788145,0.0,264.5649973724484,0.0,1074.9974093996696
561,1123.1231231231232,260.4524362530839,0.0,264.537691006822,0.0,1075.0098727400934
562,1125.1251251251251,260.4671482285355,0.0,264.5106814750326,0.0,1075.0221702964313
563,1127.1271271271273,260.4817302230616,0.0,264.483965562267,0.0,1075.0343042146708
564,1129.1291291291293,260.49618329798324,0.0,264.45754008795046,0.0,1075.0462766140656
565,1131.1311311311313,260.5105085071522,0.0,264.43140190543335,0.0,1075.0580895874139
566,1133.1331331331332,260.524706896986,0.0,264.405547901682,0.0,1075.0697452013314
567,1135.1351351351352,260.5387795065028,0.0,264.37997499697434,0.0,1075.0812454965223
568,1137.1371371371372,260.5527273666128,0.0,264.3546801438879,0.0,1075.0925924894989
569,1139.1391391391392,260.566551503742,0.0,264.32966031386707,0.0,1075.1037881823904
570,1141.1411411411411,260.5802529338267,0.0,264.3049125257163,0.0,1075.1148345404565
571,1143.1431431431433,260.5938326667339,0.0,264.28043382664015,0.0,1075.1257335066255
572,1145.1451451451453,260.60729170511064,0.0,264.2562212953069,0.0,1075.1364869995818
573,1147.1471471471473,260.62063104442103,0.0,264.23227204153767,0.0,1075.1470969140407
574,1149.1491491491493,260.6338516729821,0.0,264.2085832059989,0.0,1075.1575651210185
575,1151.1511511511512,260.6469545720005,0.0,264.1851519598985,0.0,1075.1678934681006
576,1153.1531531531532,260.6599407156085,0.0,264.16197550468553,0.0,1075.1780837797055
577,1155.1551551551552,260.67281107090025,0.0,264.1390510717535,0.0,1075.1881378573457
578,1157.1571571571574,260.6855665979676,0.0,264.11637592214726,0.0,1075.1980574798847
579,1159.1591591591593,260.698208249936,0.0,264.0939473462735,0.0,1075.20784440379
580,1161.1611611611613,260.7107369730005,0.0,264.0717626636147,0.0,1075.2175003633843
581,1163.1631631631633,260.7231537064614,0.0,264.04981922244673,0.0,1075.2270270710912
582,1165.1651651651653,260.73545938275976,0.0,264.0281143995603,0.0,1075.2364262176795
583,1167.1671671671672,260.74765492751294,0.0,264.00664559998535,0.0,1075.2456994725012
584,1169.1691691691692,260.75974125955014,0.0,263.98541025671966,0.0,1075.2548484837296
585,1171.1711711711712,260.7717192909476,0.0,263.9644058304609,0.0,1075.263874878591
586,1173.1731731731734,260.783589927064,0.0,263.9436298093392,0.0,1075.2727802635964
587,1175.1751751751754,260.7953540668871,0.0,263.9230797045805,0.0,1075.2815662285318
588,1177.1771771771773,260.8070126028214,0.0,263.90275305348734,0.0,1075.2902343436908
589,1179.1791791791793,260.81856642043545,0.0,263.8826474229448,0.0,1075.2987861566194
590,1181.1811811811813,260.83001639873765,0.0,263.8627604060249,0.0,1075.307223195237
591,1183.1831831831832,260.8413634102116,0.0,263.8430896217268,0.0,1075.3155469680612
592,1185.1851851851852,260.85260832085174,0.0,263.82363271471917,0.0,1075.3237589644286
593,1187.1871871871872,260.86375199019926,0.0,263.80438735508653,0.0,1075.3318606547136
594,1189.1891891891894,260.8747952713776,0.0,263.7853512380786,0.0,1075.3398534905434
595,1191.1911911911914,260.8857390111278,0.0,263.7665220838627,0.0,1075.347738905009
596,1193.1931931931933,260.8965840498442,0.0,263.7478976372798,0.0,1075.3555183128756
597,1195.1951951951953,260.9073312216096,0.0,263.7294756676031,0.0,1075.3631931107868
598,1197.1971971971973,260.9179813542306,0.0,263.7112539683007,0.0,1075.3707646774683
599,1199.1991991991993,260.92853526927297,0.0,263.69323035680065,0.0,1075.378234373926
600,1201.2012012012012,260.93899378209653,0.0,263.6754026742598,0.0,1075.3856035436434
601,1203.2032032032032,260.9493577018905,0.0,263.6577687853355,0.0,1075.3928735127736
602,1205.2052052052054,260.9596278317085,0.0,263.6403265779611,0.0,1075.40004559033
603,1207.2072072072074,260.9698049685031,0.0,263.6230739631236,0.0,1075.4071210683728
604,1209.2092092092093,260.979889903184,0.0,263.60600887424243,0.0,1075.4141012225732
605,1211.2112112112113,260.9898834209913,0.0,263.58912926088595,0.0,1075.4209873181223
606,1213.2132132132133,260.9997863010199,0.0,263.5724330976942,0.0,1075.4277806012856
607,1215.2152152152153,261.0095993163069,0.0,263.55591838323124,0.0,1075.4344823004615
608,1217.2172172172172,261.0193232339775,0.0,263.53958313777827,0.0,1075.4410936282438
609,1219.2192192192194,261.02895881528104,0.0,263.5234254031141,0.0,1075.4476157816046
610,1221.2212212212214,261.03850681562614,0.0,263.50744324229913,0.0,1075.4540499420743
611,1223.2232232232234,261.04796798461604,0.0,263.4916347394618,0.0,1075.4603972759219
612,1225.2252252252254,261.05734306608406,0.0,263.4759979995877,0.0,1075.466658934328
613,1227.2272272272273,261.06663279812886,0.0,263.4605311483118,0.0,1075.4728360535591
614,1229.2292292292293,261.07583791314954,0.0,263.4452323317132,0.0,1075.478929755137
615,1231.2312312312313,261.08495913788096,0.0,263.43009971611275,0.0,1075.4849411460061
616,1233.2332332332332,261.0939971934289,0.0,263.4151314878734,0.0,1075.4908713186974
617,1235.2352352352355,261.102952795305,0.0,263.4003258532035,0.0,1075.4967213514913
618,1237.2372372372374,261.111826653462,0.0,263.3856810379627,0.0,1075.502492308575
619,1239.2392392392394,261.12061947232866,0.0,263.3711952874705,0.0,1075.5081852402006
620,1241.2412412412414,261.1293319508447,0.0,263.3568668663182,0.0,1075.5138011828367
621,1243.2432432432433,261.1379647824958,0.0,263.34269405818276,0.0,1075.5193411593211
622,1245.2452452452453,261.1465186553445,0.0,263.32867516418617,0.0,1075.524806180469
623,1247.2472472472473,261.1549942520523,0.0,263.31480849824777,0.0,1075.5301972496998
624,1249.2492492492493,261.1633922499436,0.0,263.30109239726227,0.0,1075.535515352794
625,1251.2512512512515,261.1717133210292,0.0,263.287525216962,0.0,1075.5407614620087
626,1253.2532532532534,261.17995813203873,0.0,263.2741053310051,0.0,1075.5459365369559
627,1255.2552552552554,261.18812734445567,0.0,263.2608311307901,0.0,1075.551041524754
628,1257.2572572572574,261.1962216145517,0.0,263.24770102527316,0.0,1075.556077360175
629,1259.2592592592594,261.2042415934211,0.0,263.2347134407871,0.0,1075.5610449657916
630,1261.2612612612613,261.2121879270154,0.0,263.2218668208637,0.0,1075.5659452521206
631,1263.2632632632633,261.2200612561778,0.0,263.2091596260571,0.0,1075.570779117765
632,1265.2652652652653,261.22786221667735,0.0,263.19659033377087,0.0,1075.5755474495516
633,1267.2672672672675,261.23559143924336,0.0,263.18415743808663,0.0,1075.5802511226698
634,1269.2692692692694,261.24324954959974,0.0,263.171859449595,0.0,1075.584891000805
635,1271.2712712712714,261.2508371684992,0.0,263.1596948952294,0.0,1075.5894679362711
636,1273.2732732732734,261.25835491175735,0.0,263.147662318102,0.0,1075.5939827701404
637,1275.2752752752754,261.26580339028686,0.0,263.13576027734166,0.0,1075.5984363323714
638,1277.2772772772773,261.27318321013166,0.0,263.1239873479348,0.0,1075.6028294419334
639,1279.2792792792793,261.2804949725009,0.0,263.11234212056837,0.0,1075.6071629069306
640,1281.2812812812813,261.28773927355974,0.0,263.10082319944564,0.0,1075.6114375269945
641,1283.2832832832835,261.29491670443906,0.0,263.08942920192993,0.0,1075.6156540936308
642,1285.2852852852855,261.3020278518684,0.0,263.07815876339674,0.0,1075.6198133847347
643,1287.2872872872874,261.3090732978655,0.0,263.0670105342107,0.0,1075.6239161679237
644,1289.2892892892894,261.3160536197618,0.0,263.05598317951325,0.0,1075.6279632007247
645,1291.2912912912914,261.32296939023536,0.0,263.0450753790699,0.0,1075.6319552306945
646,1293.2932932932933,261.32982117734304,0.0,263.0342858271186,0.0,1075.6358929955381
647,1295.2952952952953,261.33660954455297,0.0,263.02361323222135,0.0,1075.6397772232256
648,1297.2972972972975,261.3433350507768,0.0,263.01305631711693,0.0,1075.6436086321062
649,1299.2992992992995,261.34999825040194,0.0,263.00261381857626,0.0,1075.6473879310217
650,1301.3013013013015,261.35659969332374,0.0,262.99228448725955,0.0,1075.6511158194166
651,1303.3033033033034,261.3631399249775,0.0,262.9820670875759,0.0,1075.6547929874464
652,1305.3053053053054,261.36961948637037,0.0,262.97196039754465,0.0,1075.6584201160847
653,1307.3073073073074,261.37603891411345,0.0,262.96196320865914,0.0,1075.6619978772273
654,1309.3093093093094,261.3823987404534,0.0,262.952074325752,0.0,1075.6655269337944
655,1311.3113113113113,261.3886994933044,0.0,262.94229256686333,0.0,1075.669007939832
656,1313.3133133133135,261.3949416962795,0.0,262.93261676311045,0.0,1075.67244154061
657,1315.3153153153155,261.4011258687172,0.0,262.92304575851466,0.0,1075.675828372768
658,1317.3173173173175,261.4072525252796,0.0,262.913578406257,0.0,1075.6791690684631
659,1319.3193193193194,261.413322176462,0.0,262.904213572547,0.0,1075.6824642509907
660,1321.3213213213214,261.4193353288008,0.0,262.8949501379806,0.0,1075.6857145332185
661,1323.3233233233234,261.42529248466775,0.0,262.88578699543524,0.0,1075.6889205198968
662,1325.3253253253254,261.43119414229955,0.0,262.8767230499415,0.0,1075.6920828077587
663,1327.3273273273273,261.4370407958277,0.0,262.86775721855685,0.0,1075.6952019856153
664,1329.3293293293295,261.4428329353083,0.0,262.85888843024054,0.0,1075.698278634451
665,1331.3313313313315,261.4485710467513,0.0,262.85011562573135,0.0,1075.7013133275173
666,1333.3333333333335,261.4542556121504,0.0,262.84143775742604,0.0,1075.7043066304234
667,1335.3353353353355,261.45988710951224,0.0,262.83285378926047,0.0,1075.707259101227
668,1337.3373373373374,261.46546601288543,0.0,262.82436269659206,0.0,1075.7101712905223
669,1339.3393393393394,261.4709927923901,0.0,262.81596346608416,0.0,1075.7130437415256
670,1341.3413413413414,261.4764679142465,0.0,262.80765509559234,0.0,1075.715876990161
671,1343.3433433433433,261.481891840804,0.0,262.7994365940524,0.0,1075.7186715651435
672,1345.3453453453455,261.4872650305703,0.0,262.79130698137016,0.0,1075.7214279880593
673,1347.3473473473475,261.4925879382394,0.0,262.7832652883134,0.0,1075.724146773447
674,1349.3493493493495,261.4978610147209,0.0,262.77531055640475,0.0,1075.7268284288741
675,1351.3513513513515,261.50308470713554,0.0,262.76744183739646,0.0,1075.7294734554678
676,1353.3533533533534,261.50825945858065,0.0,262.7596581897302,0.0,1075.732082351689
677,1355.3553553553554,261.51338570861407,0.0,262.75195868438567,0.0,1075.7346556070001
678,1357.3573573573574,261.5184638931765,0.0,262.74434240340094,0.0,1075.7371937034225
679,1359.3593593593596,261.5234944445527,0.0,262.73680843890014,0.0,1075.739697116547
680,1361.3613613613616,261.52847779139813,0.0,262.7293558929879,0.0,1075.7421663156138
681,1363.3633633633635,261.5334143587666,0.0,262.7219838776455,0.0,1075.7446017635878
682,1365.3653653653655,261.5383045681367,0.0,262.7146915146287,0.0,1075.7470039172345
683,1367.3673673673675,261.54314883743865,0.0,262.7074779353664,0.0,1075.7493732271948
684,1369.3693693693695,261.547947581081,0.0,262.7003422808617,0.0,1075.751710138057
685,1371.3713713713714,261.5527012099771,0.0,262.6932837015944,0.0,1075.7540150884283
686,1373.3733733733734,261.5574101315713,0.0,262.68630135742427,0.0,1075.7562885110042
687,1375.3753753753756,261.5620747498654,0.0,262.67939441749684,0.0,1075.7585308326375
688,1377.3773773773776,261.56669546544464,0.0,262.6725620601504,0.0,1075.7607424744047
689,1379.3793793793795,261.5712726755036,0.0,262.66580347282434,0.0,1075.762923851672
690,1381.3813813813815,261.57580677387205,0.0,262.6591178519691,0.0,1075.7650753741586
691,1383.3833833833835,261.5802981510408,0.0,262.6525044029581,0.0,1075.7671974460009
692,1385.3853853853855,261.58474719418695,0.0,262.64596234000066,0.0,1075.7692904658122
693,1387.3873873873874,261.58915428716176,0.0,262.6394908849752,0.0,1075.7713548278628
694,1389.3893893893894,261.5935198104538,0.0,262.63308926557903,0.0,1075.7733909239669
695,1391.3913913913916,261.59784414140137,0.0,262.62675672058634,0.0,1075.775399138012
696,1393.3933933933936,261.60212765413337,0.0,262.620492497366,0.0,1075.7773798485005
697,1395.3953953953956,261.6063707195858,0.0,262.61429585156463,0.0,1075.7793334288492
698,1397.3973973973975,261.61057370552635,0.0,262.60816604702046,0.0,1075.781260247453
699,1399.3993993993995,261.6147369765786,0.0,262.60210235567826,0.0,1075.7831606677428
700,1401.4014014014015,261.6188608942464,0.0,262.59610405750584,0.0,1075.7850350482474
701,1403.4034034034034,261.62294581693754,0.0,262.59017044041167,0.0,1075.7868837426506
702,1405.4054054054054,261.62699209998806,0.0,262.5843008001641,0.0,1075.7887070998477
703,1407.4074074074076,261.63100009568586,0.0,262.5784944403115,0.0,1075.7905054640025
704,1409.4094094094096,261.63497015329426,0.0,262.572750672104,0.0,1075.7922791746016
705,1411.4114114114116,261.63890261907557,0.0,262.56706881441676,0.0,1075.7940285665074
706,1413.4134134134135,261.6427978363144,0.0,262.5614481936741,0.0,1075.7957539700112
707,1415.4154154154155,261.64665614534096,0.0,262.5558881437752,0.0,1075.7974557108837
708,1417.4174174174175,261.65047788355395,0.0,262.5503880060211,0.0,1075.7991341104248
709,1419.4194194194195,261.6542633854437,0.0,262.54494712904335,0.0,1075.8007894855127
710,1421.4214214214217,261.6580129826148,0.0,262.5395648687332,0.0,1075.8024221486519
711,1423.4234234234236,261.66172700375625,0.0,262.5342405856782,0.0,1075.8040324105652
712,1425.4254254254256,261.6654057746903,0.0,262.5289736463428,0.0,1075.8056205789665
713,1427.4274274274276,261.6690496184737,0.0,262.52376342675205,0.0,1075.807186954774
714,1429.4294294294295,261.672658855365,0.0,262.5186093098063,0.0,1075.8087318348284
715,1431.4314314314315,261.67623380284596,0.0,262.5135106852049,0.0,1075.8102555119488
716,1433.4334334334335,261.6797747756438,0.0,262.5084669493769,0.0,1075.811758274979
717,1435.4354354354355,261.6832820857526,0.0,262.5034775054132,0.0,1075.813240408834
718,1437.4374374374377,261.6867560424549,0.0,262.4985417629996,0.0,1075.8147021945451
719,1439.4394394394396,261.69019695234294,0.0,262.49365913835163,0.0,1075.816143909305
720,1441.4414414414416,261.69360511934025,0.0,262.4888290541496,0.0,1075.8175658265097
721,1443.4434434434436,261.69698084472236,0.0,262.48405093947594,0.0,1075.8189682158013
722,1445.4454454454456,261.7003244271379,0.0,262.4793242297526,0.0,1075.8203513431092
723,1447.4474474474475,261.7036361626296,0.0,262.47464836668047,0.0,1075.8217154706897
724,1449.4494494494495,261.70691634465453,0.0,262.4700227981796,0.0,1075.8230608571655
725,1451.4514514514515,261.7101652641051,0.0,262.46544697833076,0.0,1075.8243877575637
726,1453.4534534534537,261.7133832093291,0.0,262.4609203673178,0.0,1075.8256964233528
727,1455.4554554554556,261.71657046615,0.0,262.4564424313718,0.0,1075.826987102478
728,1457.4574574574576,261.7197273178873,0.0,262.45201264271583,0.0,1075.8282600393966
729,1459.4594594594596,261.72285404537604,0.0,262.4476304795112,0.0,1075.8295154751124
730,1461.4614614614616,261.72595092698697,0.0,262.44329542580476,0.0,1075.830753647208
731,1463.4634634634635,261.7290182386454,0.0,262.43900696939846,0.0,1075.8319747919559
732,1465.4654654654655,261.7320562538495,0.0,262.434764599074,0.0,1075.8331791470762
733,1467.4674674674675,261.73506524369355,0.0,262.4305678139919,0.0,1075.8343669423143
734,1469.4694694694697,261.738045476885,0.0,262.426416119167,0.0,1075.8355384039476
735,1471.4714714714717,261.740997219764,0.0,262.42230902505435,0.0,1075.8366937551814
736,1473.4734734734736,261.74392073632174,0.0,262.4182460474924,0.0,1075.8378332161856
737,1475.4754754754756,261.74681628821986,0.0,262.4142267076484,0.0,1075.8389570041313
738,1477.4774774774776,261.7496841348088,0.0,262.4102505319639,0.0,1075.840065333227
739,1479.4794794794796,261.7525245331462,0.0,262.40631705210143,0.0,1075.841158414752
740,1481.4814814814815,261.7553377380155,0.0,262.4024258048919,0.0,1075.8422364570922
741,1483.4834834834837,261.7581240019442,0.0,262.3985763322836,0.0,1075.8432996657718
742,1485.4854854854857,261.76088357522184,0.0,262.39476818129134,0.0,1075.8443482434866
743,1487.4874874874877,261.76361670591785,0.0,262.39100090394686,0.0,1075.845382390135
744,1489.4894894894896,261.7663236398995,0.0,262.3872740572503,0.0,1075.84640230285
745,1491.4914914914916,261.76900462084956,0.0,262.3835872031224,0.0,1075.8474081760278
746,1493.4934934934936,261.7716598902838,0.0,262.37993990835776,0.0,1075.8484002013581
747,1495.4954954954956,261.7742896875683,0.0,262.3763317445789,0.0,1075.8493785678525
748,1497.4974974974975,261.77689424993684,0.0,262.3727622881915,0.0,1075.8503434618715
749,1499.4994994994997,261.7794738125077,0.0,262.36923112034015,0.0,1075.8512950671518
750,1501.5015015015017,261.782028608301,0.0,262.36573782686554,0.0,1075.852233564833
751,1503.5035035035037,261.7845588682848,0.0,262.36228199769755,0.0,1075.8531591340172
752,1505.5055055055057,261.78706482157514,0.0,262.35886322333386,0.0,1075.8540719550906
753,1507.5075075075076,261.78954669510387,0.0,262.3554811014213,0.0,1075.8549722034745
754,1509.5095095095096,261.7920047137358,0.0,262.3521352348119,0.0,1075.8558600514518
755,1511.5115115115116,261.7944391003268,0.0,262.3488252307197,0.0,1075.8567356689532
756,1513.5135135135135,261.7968500757404,0.0,262.345550700676,0.0,1075.8575992235833
757,1515.5155155155157,261.79923785886416,0.0,262.342311260486,0.0,1075.8584508806496
758,1517.5175175175177,261.80160266662574,0.0,262.3391065301857,0.0,1075.8592908031883
759,1519.5195195195197,261.80394471400916,0.0,262.3359361339997,0.0,1075.8601191519908
760,1521.5215215215217,261.80626421407044,0.0,262.3327997003,0.0,1075.8609360856292
761,1523.5235235235236,261.8085613779536,0.0,262.32969686156497,0.0,1075.8617417604812
762,1525.5255255255256,261.81083641490625,0.0,262.3266272543399,0.0,1075.8625363307535
763,1527.5275275275276,261.8130895322951,0.0,262.32359051919775,0.0,1075.8633199485068
764,1529.5295295295296,261.8153209356214,0.0,262.3205863007009,0.0,1075.8640927636773
765,1531.5315315315318,261.81753082853606,0.0,262.3176142473635,0.0,1075.8648549241002
766,1533.5335335335337,261.8197194128548,0.0,262.3146740116149,0.0,1075.86560657553
767,1535.5355355355357,261.8218868885733,0.0,262.3117652497634,0.0,1075.866347861663
768,1537.5375375375377,261.8240334538818,0.0,262.30888762196133,0.0,1075.8670789241564
769,1539.5395395395396,261.82615930518,0.0,262.30604079217034,0.0,1075.8677999026493
770,1541.5415415415416,261.82826463709154,0.0,262.30322442812786,0.0,1075.8685109347803
771,1543.5435435435436,261.8303496424845,0.0,262.3004382012128,0.0,1075.8692121563024
772,1545.5455455455458,261.83241451269413,0.0,262.2976817829136,0.0,1075.8699037043918
773,1547.5475475475478,261.83445943726355,0.0,262.2949548493887,0.0,1075.8705857133475
774,1549.5495495495497,261.8364846039303,0.0,262.2922570818999,0.0,1075.8712583141694
775,1551.5515515515517,261.8384901987339,0.0,262.289588165204,0.0,1075.8719216360619
776,1553.5535535535537,261.84047640603046,0.0,262.286947787517,0.0,1075.8725758064522
777,1555.5555555555557,261.84244340850637,0.0,262.2843356404792,0.0,1075.873220951014
778,1557.5575575575576,261.8443913871925,0.0,262.2817514191207,0.0,1075.8738571936865
779,1559.5595595595596,261.8463205214776,0.0,262.2791948218276,0.0,1075.8744846566944
780,1561.5615615615618,261.8482309891224,0.0,262.27666555030885,0.0,1075.8751034605684
781,1563.5635635635638,261.85012296627286,0.0,262.2741633095635,0.0,1075.8757137241632
782,1565.5655655655657,261.8519966274737,0.0,262.2716878078491,0.0,1075.8763155646768
783,1567.5675675675677,261.85385214568157,0.0,262.2692387566501,0.0,1075.876909097668
784,1569.5695695695697,261.8556896922784,0.0,262.2668158706472,0.0,1075.8774944370741
785,1571.5715715715717,261.85750943708433,0.0,262.2644188676872,0.0,1075.878071695228
786,1573.5735735735736,261.85931154837056,0.0,262.26204746875374,0.0,1075.8786409828754
787,1575.5755755755756,261.86109619287214,0.0,262.2597013979382,0.0,1075.8792024091892
788,1577.5775775775778,261.8628635358008,0.0,262.25738038241167,0.0,1075.8797560817873
789,1579.5795795795798,261.8646137408573,0.0,262.25508415239716,0.0,1075.8803021067451
790,1581.5815815815818,261.866346970244,0.0,262.2528124411427,0.0,1075.880840588613
791,1583.5835835835837,261.868063384677,0.0,262.25056498489494,0.0,1075.8813716304278
792,1585.5855855855857,261.8697631435332,0.0,262.2483415208171,0.0,1075.8818953356495
793,1587.5875875875877,261.8714464047989,0.0,262.24614178793826,0.0,1075.8824118072625
794,1589.5895895895897,261.8731133248717,0.0,262.24396553031625,0.0,1075.8829211448117
795,1591.5915915915916,261.8747640587174,0.0,262.2418124948122,0.0,1075.88342344647
796,1593.5935935935938,261.876398759882,0.0,262.23968243105537,0.0,1075.8839188090624
797,1595.5955955955958,261.878017580504,0.0,262.23757509141484,0.0,1075.884407328081
798,1597.5975975975978,261.87962067132594,0.0,262.23549023097183,0.0,1075.884889097702
799,1599.5995995995997,261.8812081817061,0.0,262.23342760749216,0.0,1075.8853642108015
800,1601.6016016016017,261.88278025963007,0.0,262.23138698139974,0.0,1075.8858327589699
801,1603.6036036036037,261.88433705172224,0.0,262.22936811574993,0.0,1075.8862948325275
802,1605.6056056056057,261.88587870325705,0.0,262.2273707762039,0.0,1075.8867505205387
803,1607.6076076076079,261.88740535817027,0.0,262.2253947310031,0.0,1075.8871999108262
804,1609.6096096096098,261.88891715906993,0.0,262.22343975094475,0.0,1075.887643089985
805,1611.6116116116118,261.8904142472474,0.0,262.22150560935694,0.0,1075.8880801433954
806,1613.6136136136138,261.8918967626882,0.0,262.2195920820752,0.0,1075.8885111552363
807,1615.6156156156158,261.8933648440829,0.0,262.2176989474189,0.0,1075.8889362084979
808,1617.6176176176177,261.89481862883736,0.0,262.21582598616845,0.0,1075.889355384994
809,1619.6196196196197,261.8962582530836,0.0,262.2139729815427,0.0,1075.8897687653734
810,1621.6216216216217,261.8976838516901,0.0,262.21213971917734,0.0,1075.8901764291322
811,1623.6236236236239,261.89909555827177,0.0,262.21032598710326,0.0,1075.8905784546248
812,1625.6256256256258,261.90049350532956,0.0,262.20853157496146,0.0,1075.8909749197085
813,1627.6276276276278,261.901877824437,0.0,262.2067562729372,0.0,1075.8913659026255
814,1629.6296296296298,261.9032486456514,0.0,262.20499987528314,0.0,1075.891751479065
815,1631.6316316316318,261.90460609780524,0.0,262.20326217863374,0.0,1075.8921317235606
816,1633.6336336336337,261.90595030854007,0.0,262.2015429818444,0.0,1075.8925067096152
817,1635.6356356356357,261.9072814043162,0.0,262.1998420859687,0.0,1075.8928765097146
818,1637.6376376376377,261.9085995104234,0.0,262.19815929423703,0.0,1075.8932411953392
819,1639.6396396396399,261.90990475099045,0.0,262.1964944120342,0.0,1075.8936008369749
820,1641.6416416416419,261.9111972489954,0.0,262.1948472468789,0.0,1075.8939555041252
821,1643.6436436436438,261.9124771262752,0.0,262.1932176084024,0.0,1075.894305265322
822,1645.6456456456458,261.9137445035355,0.0,262.1916053083286,0.0,1075.8946501881355
823,1647.6476476476478,261.9149995003601,0.0,262.19001016045354,0.0,1075.8949903391858
824,1649.6496496496497,261.9162422352209,0.0,262.18843198062626,0.0,1075.8953257841524
825,1651.6516516516517,261.91747282548675,0.0,262.1868705867294,0.0,1075.8956565877834
826,1653.6536536536537,261.91869138743317,0.0,262.18532579866024,0.0,1075.8959828139061
827,1655.655655655656,261.9198980362513,0.0,262.1837974383125,0.0,1075.8963045254357
828,1657.6576576576579,261.92109288605724,0.0,262.18228532955845,0.0,1075.8966217843838
829,1659.6596596596598,261.92227604990086,0.0,262.180789298231,0.0,1075.8969346518677
830,1661.6616616616618,261.92344763977485,0.0,262.1793091721066,0.0,1075.897243188118
831,1663.6636636636638,261.92460776662335,0.0,262.17784478088885,0.0,1075.8975474524873
832,1665.6656656656658,261.9257565480881,0.0,262.17639592936314,0.0,1075.8978475225483
833,1667.6676676676677,261.92689407585937,0.0,262.17496250880566,0.0,1075.8981434153345
834,1669.66966966967,261.9280204681548,0.0,262.17354431824924,0.0,1075.8984352135956
835,1671.671671671672,261.9291358318,0.0,262.17214119455844,0.0,1075.898722973641
836,1673.6736736736739,261.9302402726373,0.0,262.1707529763272,0.0,1075.8990067510351
837,1675.6756756756758,261.9313338955329,0.0,262.1693795038661,0.0,1075.8992866006006
838,1677.6776776776778,261.93241680438365,0.0,262.1680206191898,0.0,1075.8995625764262
839,1679.6796796796798,261.93348910212444,0.0,262.1666761660046,0.0,1075.8998347318704
840,1681.6816816816818,261.9345508907349,0.0,262.16534598969577,0.0,1075.900103119569
841,1683.6836836836837,261.9356022712467,0.0,262.1640299373148,0.0,1075.900367791438
842,1685.685685685686,261.93664334375035,0.0,262.162727857567,0.0,1075.9006287986822
843,1687.687687687688,261.9376742074024,0.0,262.1614396007989,0.0,1075.9008861917982
844,1689.6896896896899,261.9386949604324,0.0,262.1601650189855,0.0,1075.9011400205818
845,1691.6916916916919,261.93970570014983,0.0,262.1589039657179,0.0,1075.9013903341317
846,1693.6936936936938,261.9407065229516,0.0,262.1576562961907,0.0,1075.9016371808573
847,1695.6956956956958,261.9416975243283,0.0,262.15642186718907,0.0,1075.901880608482
848,1697.6976976976978,261.942678798872,0.0,262.1552005370766,0.0,1075.902120664051
849,1699.6996996996997,261.9436504402828,0.0,262.15399216578254,0.0,1075.9023573939342
850,1701.701701701702,261.94461254137605,0.0,262.15279661478905,0.0,1075.9025908438343
851,1703.703703703704,261.94556519408934,0.0,262.1516137471189,0.0,1075.9028210587912
852,1705.705705705706,261.94650848949897,0.0,262.15044342726776,0.0,1075.9030480832328
853,1707.7077077077079,261.94744251816087,0.0,262.1492855192272,0.0,1075.9032719626116
854,1709.7097097097098,261.94836736966437,0.0,262.1481398891383,0.0,1075.903492741197
855,1711.7117117117118,261.94928313259794,0.0,262.14700640552195,0.0,1075.9037104618797
856,1713.7137137137138,261.9501898947136,0.0,262.14588493834,0.0,1075.903925166946
857,1715.7157157157158,261.95108774293436,0.0,262.14477535898146,0.0,1075.9041368980838
858,1717.717717717718,261.95197676336113,0.0,262.143677540249,0.0,1075.9043456963896
859,1719.71971971972,261.9528570412802,0.0,262.1425913563453,0.0,1075.904551602374
860,1721.721721721722,261.9537286611703,0.0,262.14151668285973,0.0,1075.9047546559696
861,1723.7237237237239,261.95459170670983,0.0,262.14045339675425,0.0,1075.9049548965354
862,1725.7257257257259,261.9554462607842,0.0,262.1394013763503,0.0,1075.9051523628652
863,1727.7277277277278,261.95629240549266,0.0,262.13836050131476,0.0,1075.9053470931922
864,1729.7297297297298,261.95713022215597,0.0,262.1373306526467,0.0,1075.9055391251968
865,1731.731731731732,261.9579597913234,0.0,262.1363117126637,0.0,1075.9057284960124
866,1733.733733733734,261.9587811927798,0.0,262.13530356498813,0.0,1075.9059152422317
867,1735.735735735736,261.959594505553,0.0,262.1343060945336,0.0,1075.906099399913
868,1737.737737737738,261.96039980792096,0.0,262.1333191874914,0.0,1075.9062810045873
869,1739.73973973974,261.96119717741897,0.0,262.1323427313169,0.0,1075.9064600912636
870,1741.7417417417419,261.96198669084686,0.0,262.13137661471586,0.0,1075.9066366944369
871,1743.7437437437438,261.96276842427613,0.0,262.130420727631,0.0,1075.9068108480924
872,1745.7457457457458,261.9635424530573,0.0,262.1294749612283,0.0,1075.9069825857139
873,1747.747747747748,261.964308851827,0.0,262.1285392078833,0.0,1075.9071519402892
874,1749.74974974975,261.96506769451526,0.0,262.1276133611677,0.0,1075.9073189443168
875,1751.751751751752,261.96581905436625,0.0,262.1266973154845,0.0,1075.907483630149
876,1753.753753753754,261.96656300401185,0.0,262.12579096436264,0.0,1075.9076460316253
877,1755.755755755756,261.9672996153391,0.0,262.12489420401374,0.0,1075.907806180647
878,1757.7577577577579,261.9680289595443,0.0,262.1240069321239,0.0,1075.9079641083315
879,1759.7597597597598,261.96875110715456,0.0,262.1231290474714,0.0,1075.9081198453737
880,1761.7617617617618,261.96946612803504,0.0,262.12226044991206,0.0,1075.9082734220526
881,1763.763763763764,261.970174091396,0.0,262.1214010403645,0.0,1075.908424868239
882,1765.765765765766,261.97087506580056,0.0,262.12055072079585,0.0,1075.9085742134032
883,1767.767767767768,261.9715691191712,0.0,262.1197093942069,0.0,1075.9087214866217
884,1769.76976976977,261.97225631879763,0.0,262.1188769646176,0.0,1075.9088667165845
885,1771.771771771772,261.97293673134385,0.0,262.1180533370525,0.0,1075.9090099316034
886,1773.7737737737739,261.97361042285524,0.0,262.1172384175262,0.0,1075.9091511596182
887,1775.7757757757759,261.9742774587659,0.0,262.1164321130287,0.0,1075.9092904282052
888,1777.7777777777778,261.97493790390615,0.0,262.1156343315108,0.0,1075.9094277645827
889,1779.77977977978,261.97559182250916,0.0,262.1148449818696,0.0,1075.9095631956209
890,1781.781781781782,261.9762392782188,0.0,262.11406397393387,0.0,1075.909696747847
891,1783.783783783784,261.9768803340967,0.0,262.1132912184494,0.0,1075.9098284474537
892,1785.785785785786,261.9775150526293,0.0,262.1125266270645,0.0,1075.909958320306
893,1787.787787787788,261.97814349573537,0.0,262.1117701123154,0.0,1075.9100863919489
894,1789.78978978979,261.978765724773,0.0,262.1110215876118,0.0,1075.910212687615
895,1791.7917917917919,261.979381800547,0.0,262.11028096722185,0.0,1075.9103372322309
896,1793.793793793794,261.9799917833163,0.0,262.1095481662582,0.0,1075.9104600504252
897,1795.795795795796,261.9805957328007,0.0,262.1088231006628,0.0,1075.9105811665363
898,1797.797797797798,261.98119370734224,0.0,262.1081056891292,0.0,1075.9107006035283
899,1799.7997997998,261.9817857635187,0.0,262.10739585398835,0.0,1075.9108183824926
900,1801.801801801802,261.98237195894757,0.0,262.10669351479476,0.0,1075.9109345262573
901,1803.803803803804,261.9829523507656,0.0,262.10599859180786,0.0,1075.9110490574262
902,1805.805805805806,261.9835269955735,0.0,262.10531100611985,0.0,1075.9111619983064
903,1807.8078078078079,261.98409594944263,0.0,262.1046306796434,0.0,1075.9112733709137
904,1809.80980980981,261.98465926792096,0.0,262.10395753509886,0.0,1075.9113831969798
905,1811.811811811812,261.9852170060395,0.0,262.1032914960023,0.0,1075.911491497958
906,1813.813813813814,261.98576921831875,0.0,262.1026324866524,0.0,1075.9115982950286
907,1815.815815815816,261.9863159587749,0.0,262.1019804321183,0.0,1075.9117036091066
908,1817.817817817818,261.98685728092636,0.0,262.10133525822687,0.0,1075.9118074608464
909,1819.81981981982,261.9873932377999,0.0,262.10069689155046,0.0,1075.9119098706494
910,1821.821821821822,261.9879238819371,0.0,262.100065259394,0.0,1075.9120108586687
911,1823.823823823824,261.98844926540056,0.0,262.0994402897829,0.0,1075.9121104448163
912,1825.825825825826,261.98896943978053,0.0,262.0988219114503,0.0,1075.912208648769
913,1827.827827827828,261.98948445620084,0.0,262.09821005382446,0.0,1075.9123054899744
914,1829.82982982983,261.9899943653257,0.0,262.0976046470167,0.0,1075.9124009876573
915,1831.831831831832,261.99049921736554,0.0,262.0970056218082,0.0,1075.912495160826
916,1833.833833833834,261.99099906208374,0.0,262.09641290963816,0.0,1075.9125880282777
917,1835.835835835836,261.9914939488029,0.0,262.09582644259086,0.0,1075.912679608606
918,1837.837837837838,261.99198392641097,0.0,262.0952461533832,0.0,1075.9127699202056
919,1839.83983983984,261.9924690433678,0.0,262.0946719753524,0.0,1075.9128589812794
920,1841.841841841842,261.9929493477013,0.0,262.0941038424687,0.0,1075.9129468098295
921,1843.843843843844,261.99342488506613,0.0,262.09354169423386,0.0,1075.9130334206995
922,1845.845845845846,261.99389570082127,0.0,262.09298547044585,0.0,1075.9131188287324
923,1847.847847847848,261.99436184119264,0.0,262.09243510827145,0.0,1075.9132030505355
924,1849.84984984985,261.9948233519696,0.0,262.09189054553616,0.0,1075.9132861024939
925,1851.851851851852,261.9952802785102,0.0,262.0913517207143,0.0,1075.913368000775
926,1853.853853853854,261.9957326657466,0.0,262.09081857291915,0.0,1075.913448761334
927,1855.855855855856,261.99618055818985,0.0,262.0902910418936,0.0,1075.913528399916
928,1857.857857857858,261.99662399993576,0.0,262.08976906800007,0.0,1075.9136069320637
929,1859.85985985986,261.99706303466957,0.0,262.08925259221104,0.0,1075.913684373119
930,1861.861861861862,261.9974977056714,0.0,262.0887415560992,0.0,1075.913760738229
931,1863.863863863864,261.9979280558215,0.0,262.0882359018276,0.0,1075.9138360423503
932,1865.865865865866,261.9983541276055,0.0,262.08773557214033,0.0,1075.9139103002537
933,1867.867867867868,261.99877596311967,0.0,262.0872405103524,0.0,1075.9139835265275
934,1869.86986986987,261.99919360407586,0.0,262.08675066034016,0.0,1075.9140557355836
935,1871.8718718718721,261.99960709180715,0.0,262.08626596653176,0.0,1075.9141269416607
936,1873.8738738738741,262.00001646727276,0.0,262.08578637389707,0.0,1075.9141971588297
937,1875.875875875876,262.00042177106343,0.0,262.0853118279382,0.0,1075.9142664009978
938,1877.877877877878,262.00082304340674,0.0,262.0848422746799,0.0,1075.914334681913
939,1879.87987987988,262.0012203241721,0.0,262.08437766065936,0.0,1075.9144020151682
940,1881.881881881882,262.0016136528761,0.0,262.0839179329171,0.0,1075.9144684142063
941,1883.883883883884,262.0020030686878,0.0,262.0834630389868,0.0,1075.914533892325
942,1885.885885885886,262.00238861043397,0.0,262.0830129268857,0.0,1075.9145984626798
943,1887.8878878878882,262.00277031640366,0.0,262.08256754552866,0.0,1075.9146621380673
944,1889.8898898898901,262.00314822250857,0.0,262.0821268486169,0.0,1075.9147249288742
945,1891.891891891892,262.00352236556836,0.0,262.0816907876972,0.0,1075.914786846734
946,1893.893893893894,262.0038927825773,0.0,262.0812593137132,0.0,1075.9148479037092
947,1895.895895895896,262.0042595101783,0.0,262.0808323781171,0.0,1075.914908111704
948,1897.897897897898,262.0046225846679,0.0,262.08040993286227,0.0,1075.9149674824694
949,1899.8998998999,262.00498204199977,0.0,262.07999193039524,0.0,1075.9150260276047
950,1901.901901901902,262.00533791778935,0.0,262.07957832364826,0.0,1075.9150837585619
951,1903.9039039039042,262.0056902473182,0.0,262.07916906603145,0.0,1075.91514068665
952,1905.9059059059061,262.00603906553823,0.0,262.0787641114252,0.0,1075.9151968230362
953,1907.907907907908,262.0063844070757,0.0,262.0783634141723,0.0,1075.9152521787516
954,1909.90990990991,262.00672630623586,0.0,262.07796692907044,0.0,1075.9153067646932
955,1911.911911911912,262.00706479700693,0.0,262.0775746113645,0.0,1075.915360591628
956,1913.913913913914,262.0073999130647,0.0,262.0771864167388,0.0,1075.9154136701961
957,1915.915915915916,262.0077316877765,0.0,262.0768023013092,0.0,1075.9154660109139
958,1917.917917917918,262.0080601542057,0.0,262.07642222161576,0.0,1075.9155176241782
959,1919.9199199199202,262.0083853451155,0.0,262.0760461346149,0.0,1075.915568520269
960,1921.9219219219221,262.0087072929742,0.0,262.0756739976716,0.0,1075.9156187093538
961,1923.9239239239241,262.00902602995825,0.0,262.0753057685518,0.0,1075.9156682014896
962,1925.925925925926,262.00934158795746,0.0,262.07494140541473,0.0,1075.9157170066273
963,1927.927927927928,262.00965399857887,0.0,262.07458086680515,0.0,1075.9157651346156
964,1929.92992992993,262.00996329315103,0.0,262.07422411164566,0.0,1075.9158125952029
965,1931.931931931932,262.0102695027284,0.0,262.0738710992291,0.0,1075.9158593980421
966,1933.9339339339342,262.01057265755753,0.0,262.073521790416,0.0,1075.915905552026
967,1935.9359359359362,262.010872786249,0.0,262.0731761494918,0.0,1075.9159510642587
968,1937.9379379379382,262.0111699185316,0.0,262.0728341379984,0.0,1075.9159959434696
969,1939.9399399399401,262.01146408397227,0.0,262.07249571760366,0.0,1075.9160401984236
970,1941.941941941942,262.0117553118561,0.0,262.07216085037214,0.0,1075.9160838377713
971,1943.943943943944,262.01204363118995,0.0,262.07182949875914,0.0,1075.9161268700504
972,1945.945945945946,262.01232907070573,0.0,262.07150162560487,0.0,1075.916169303689
973,1947.947947947948,262.01261165886416,0.0,262.07117719412815,0.0,1075.9162111470073
974,1949.9499499499502,262.012891423858,0.0,262.07085616792114,0.0,1075.9162524082205
975,1951.9519519519522,262.0131683936156,0.0,262.07053851094275,0.0,1075.9162930954412
976,1953.9539539539542,262.01344259580446,0.0,262.07022418751313,0.0,1075.916333216682
977,1955.9559559559561,262.0137140578347,0.0,262.06991316230756,0.0,1075.9163727798573
978,1957.9579579579581,262.0139828068624,0.0,262.06960540035055,0.0,1075.9164117927867
979,1959.95995995996,262.0142488697933,0.0,262.06930086701004,0.0,1075.9164502631963
980,1961.961961961962,262.01451227328613,0.0,262.06899952799125,0.0,1075.9164881987222
981,1963.963963963964,262.01477304375607,0.0,262.068701349331,0.0,1075.9165256069125
982,1965.9659659659662,262.0150312073785,0.0,262.06840629739145,0.0,1075.9165624952298
983,1967.9679679679682,262.0152867900921,0.0,262.0681143388546,0.0,1075.9165988710529
984,1969.9699699699702,262.01553981760253,0.0,262.06782544071604,0.0,1075.916634741681
985,1971.9719719719722,262.015790315386,0.0,262.06753957027905,0.0,1075.9166701143345
986,1973.9739739739741,262.01603830869266,0.0,262.0672566951489,0.0,1075.916704996158
987,1975.975975975976,262.01628382254995,0.0,262.06697678322666,0.0,1075.916739394223
988,1977.977977977978,262.01652688176637,0.0,262.06669980270345,0.0,1075.9167733155298
989,1979.97997997998,262.01676750967823,0.0,262.0664257246268,0.0,1075.9168067656947
990,1981.9819819819822,262.0170057290101,0.0,262.0661545211403,0.0,1075.9168397498493
991,1983.9839839839842,262.0172415635764,0.0,262.0658861620018,0.0,1075.9168722744214
992,1985.9859859859862,262.01747503696816,0.0,262.06562061727254,0.0,1075.916904345759
993,1987.9879879879882,262.01770617255494,0.0,262.0653578573145,0.0,1075.9169359701302
994,1989.9899899899901,262.01793499348776,0.0,262.0650978527858,0.0,1075.916967153726
995,1991.991991991992,262.01816152270214,0.0,262.0648405746357,0.0,1075.9169979026617
996,1993.993993993994,262.01838578292137,0.0,262.06458599409905,0.0,1075.917028222979
997,1995.9959959959963,262.01860779665907,0.0,262.06433408269197,0.0,1075.9170581206486
998,1997.9979979979983,262.0188275862229,0.0,262.06408481220615,0.0,1075.9170876015705
999,2000.0,262.019045173717,0.0,262.0638381547042,0.0,1075.9171166715785
